,Date,Open,High,Low,Close,Volume,Dividends,Stock Splits,Symbol
0,2024-01-02 00:00:00-03:00,11.753036270763273,11.782296681065567,10.602116256927411,10.641130447387695,2109900,0.0,0.0,TTEN3.SA
1,2024-01-03 00:00:00-03:00,10.641130240392892,10.943490908207218,10.465565921650917,10.894722938537598,1347900,0.0,0.0,TTEN3.SA
2,2024-01-04 00:00:00-03:00,10.894723453319223,10.982505616837965,10.572856140531632,10.719159126281738,1220100,0.0,0.0,TTEN3.SA
3,2024-01-05 00:00:00-03:00,10.73866715745452,10.933738123721959,10.631377428378626,10.777681350708008,827000,0.0,0.0,TTEN3.SA
4,2024-01-08 00:00:00-03:00,10.767926954214873,11.021519660949707,10.631376820548805,11.021519660949707,698500,0.0,0.0,TTEN3.SA
5,2024-01-09 00:00:00-03:00,11.021518593906379,11.021518593906379,10.689897537231445,10.689897537231445,1565000,0.0,0.0,TTEN3.SA
6,2024-01-10 00:00:00-03:00,10.69965131658579,10.777679691077351,10.631375791276977,10.689897537231445,785000,0.0,0.0,TTEN3.SA
7,2024-01-11 00:00:00-03:00,10.719158553202675,10.719158553202675,10.397291257623097,10.446059226989746,1791800,0.0,0.0,TTEN3.SA
8,2024-01-12 00:00:00-03:00,10.494827930287421,10.699652671813965,10.41679954591271,10.699652671813965,688200,0.0,0.0,TTEN3.SA
9,2024-01-15 00:00:00-03:00,10.709404895280265,10.767926645221165,10.553348135666745,10.660637855529785,1222400,0.0,0.0,TTEN3.SA
10,2024-01-16 00:00:00-03:00,10.670391263936915,11.655500773279092,10.670391263936915,11.216590881347656,3822200,0.0,0.0,TTEN3.SA
11,2024-01-17 00:00:00-03:00,11.245850682447703,11.499443381417686,11.206836492619372,11.460429191589355,1407900,0.0,0.0,TTEN3.SA
12,2024-01-18 00:00:00-03:00,11.460429173413193,11.635993492448069,11.050779715779584,11.177576065063477,1491500,0.0,0.0,TTEN3.SA
13,2024-01-19 00:00:00-03:00,11.236097917520716,11.236097917520716,10.826448456142046,11.109301567077637,1761500,0.0,0.0,TTEN3.SA
14,2024-01-22 00:00:00-03:00,11.158068333845446,11.158068333845446,10.689898063833247,10.797186851501465,1557500,0.0,0.0,TTEN3.SA
15,2024-01-23 00:00:00-03:00,10.914229764070784,11.04102611541748,10.728912592208177,11.04102611541748,2276100,0.0,0.0,TTEN3.SA
16,2024-01-24 00:00:00-03:00,11.060534374543836,11.265359119634343,10.816695436587127,10.845955848693848,1182900,0.0,0.0,TTEN3.SA
17,2024-01-25 00:00:00-03:00,10.84595482050398,10.914229419004515,10.650883874665563,10.797186851501465,1063300,0.0,0.0,TTEN3.SA
18,2024-01-26 00:00:00-03:00,10.836200888868314,10.953243454731751,10.748419662099456,10.816694259643555,900100,0.0,0.0,TTEN3.SA
19,2024-01-29 00:00:00-03:00,10.865462969351467,10.865462969351467,10.59236270019723,10.670391082763672,1282700,0.0,0.0,TTEN3.SA
20,2024-01-30 00:00:00-03:00,10.670390530138983,10.680144309997559,10.504580923401424,10.680144309997559,849300,0.0,0.0,TTEN3.SA
21,2024-01-31 00:00:00-03:00,10.68989801309812,10.96299733597575,10.6508838241156,10.748419761657715,1101100,0.0,0.0,TTEN3.SA
22,2024-02-01 00:00:00-03:00,10.748420729419,10.797187772409282,10.338771243132905,10.34852409362793,2522200,0.0,0.0,TTEN3.SA
23,2024-02-02 00:00:00-03:00,10.407045217766235,10.465566037882395,10.24123467715101,10.30950927734375,1346900,0.0,0.0,TTEN3.SA
24,2024-02-05 00:00:00-03:00,10.30950862721471,10.485072936835238,10.19246606419156,10.387537002563477,1024800,0.0,0.0,TTEN3.SA
25,2024-02-06 00:00:00-03:00,10.407045217766235,10.563101978304879,10.24123467715101,10.30950927734375,1044500,0.0,0.0,TTEN3.SA
26,2024-02-07 00:00:00-03:00,10.309509783254018,10.358277755858412,10.153453015057325,10.250988960266113,1185100,0.0,0.0,TTEN3.SA
27,2024-02-08 00:00:00-03:00,10.250988685686044,10.260742465980004,9.714542861750218,9.773064613342285,1927800,0.0,0.0,TTEN3.SA
28,2024-02-09 00:00:00-03:00,9.763310748849722,9.821831569765422,9.412182102668812,9.44144344329834,2830300,0.0,0.0,TTEN3.SA
29,2024-02-14 00:00:00-03:00,9.441442815085937,9.470703223596864,9.217110536044514,9.40242862701416,1080900,0.0,0.0,TTEN3.SA
30,2024-02-15 00:00:00-03:00,9.421935630337105,9.743802927261294,9.421935630337105,9.52922534942627,1372900,0.0,0.0,TTEN3.SA
31,2024-02-16 00:00:00-03:00,9.519471751012583,9.617006761841663,9.285386608816783,9.392675399780273,1663600,0.0,0.0,TTEN3.SA
32,2024-02-19 00:00:00-03:00,9.373167363739652,9.45119574051095,9.256124798582707,9.334153175354004,1267100,0.0,0.0,TTEN3.SA
33,2024-02-20 00:00:00-03:00,9.324400112495885,9.753556174916717,9.265878366170881,9.704788208007812,1323000,0.0,0.0,TTEN3.SA
34,2024-02-21 00:00:00-03:00,9.577992392752332,9.792570900846993,9.256125095696166,9.412181854248047,3846700,0.0,0.0,TTEN3.SA
35,2024-02-22 00:00:00-03:00,9.460950439594452,9.587746796713176,9.275633259295834,9.56824016571045,1295100,0.0,0.0,TTEN3.SA
36,2024-02-23 00:00:00-03:00,9.636513710021973,9.695034526767984,9.48045695847046,9.636513710021973,964400,0.0,0.0,TTEN3.SA
37,2024-02-26 00:00:00-03:00,9.644072302387896,9.792138535617907,9.56510257776545,9.693427085876465,1338900,0.117656,0.0,TTEN3.SA
38,2024-02-27 00:00:00-03:00,9.732911197814927,10.315306663513184,9.732911197814927,10.315306663513184,2929100,0.0,0.0,TTEN3.SA
39,2024-02-28 00:00:00-03:00,10.463374057646309,10.571955898458198,10.206725043310415,10.522600173950195,1774000,0.0,0.0,TTEN3.SA
40,2024-02-29 00:00:00-03:00,10.52260069236234,10.571956419301928,10.374534452925769,10.492987632751465,916200,0.0,0.0,TTEN3.SA
41,2024-03-01 00:00:00-03:00,10.542342772619824,10.700280336925685,10.473244382199404,10.581827163696289,1501000,0.0,0.0,TTEN3.SA
42,2024-03-04 00:00:00-03:00,10.5818271659914,10.808862179384786,10.473244384470966,10.710151672363281,1522100,0.0,0.0,TTEN3.SA
43,2024-03-05 00:00:00-03:00,10.769377558492085,10.887830729219502,10.660795720670816,10.759506225585938,846600,0.0,0.0,TTEN3.SA
44,2024-03-06 00:00:00-03:00,10.848346483318679,10.907573540161486,10.433759909565417,10.512728691101074,1315800,0.0,0.0,TTEN3.SA
45,2024-03-07 00:00:00-03:00,10.512729358697985,10.591698145248449,10.32517872598618,10.492987632751465,645500,0.0,0.0,TTEN3.SA
46,2024-03-08 00:00:00-03:00,10.364662242291388,10.562084191963374,10.26595079676434,10.433759689331055,832400,0.0,0.0,TTEN3.SA
47,2024-03-11 00:00:00-03:00,10.414018780228744,10.621312078956068,10.325178660576722,10.423890113830566,416500,0.0,0.0,TTEN3.SA
48,2024-03-12 00:00:00-03:00,10.463374424236767,10.58182760237676,10.443631757189012,10.483116149902344,518600,0.0,0.0,TTEN3.SA
49,2024-03-13 00:00:00-03:00,10.453502436552307,10.868089004789326,10.404146713403687,10.759506225585938,846400,0.0,0.0,TTEN3.SA
50,2024-03-14 00:00:00-03:00,10.759506296192814,10.818733352636247,10.285693610173857,10.443631172180176,922200,0.0,0.0,TTEN3.SA
51,2024-03-15 00:00:00-03:00,10.443631471370974,10.591697704648192,10.374534021359226,10.463374137878418,333300,0.0,0.0,TTEN3.SA
52,2024-03-18 00:00:00-03:00,10.473244813420617,10.611440658569336,10.394276028016256,10.611440658569336,514600,0.0,0.0,TTEN3.SA
53,2024-03-19 00:00:00-03:00,10.57195604836858,10.729893615928026,10.483115931270852,10.660796165466309,456900,0.0,0.0,TTEN3.SA
54,2024-03-20 00:00:00-03:00,10.601569173468471,10.8582181930542,10.562084781330833,10.8582181930542,715500,0.0,0.0,TTEN3.SA
55,2024-03-21 00:00:00-03:00,10.858217676902916,11.075382294027968,10.729893173210026,10.88783073425293,497000,0.0,0.0,TTEN3.SA
56,2024-03-22 00:00:00-03:00,10.966800037237892,10.966800037237892,10.51272905691633,10.729893684387207,700200,0.0,0.0,TTEN3.SA
57,2024-03-25 00:00:00-03:00,10.739765167236328,10.858218345310215,10.611440655644074,10.739765167236328,659000,0.0,0.0,TTEN3.SA
58,2024-03-26 00:00:00-03:00,10.739764879307563,10.769377937686576,10.463374137878418,10.463374137878418,622100,0.0,0.0,TTEN3.SA
59,2024-03-27 00:00:00-03:00,10.522599881282941,10.522599881282941,10.265950874085279,10.374533653259277,686800,0.0,0.0,TTEN3.SA
60,2024-03-28 00:00:00-03:00,10.473244309376119,10.512728700178037,10.265951022320506,10.384405136108398,690500,0.0,0.0,TTEN3.SA
61,2024-04-01 00:00:00-03:00,10.453503093738338,10.52260054566112,10.22646712953434,10.354791641235352,780200,0.0,0.0,TTEN3.SA
62,2024-04-02 00:00:00-03:00,10.354791728168209,10.354791728168209,10.09814270261151,10.167241096496582,715100,0.0,0.0,TTEN3.SA
63,2024-04-03 00:00:00-03:00,10.117885003504123,10.226466845131958,9.871107320491827,10.078400611877441,1018900,0.0,0.0,TTEN3.SA
64,2024-04-04 00:00:00-03:00,10.078400895152129,10.41401870410324,10.009303443208845,10.22646713256836,540200,0.0,0.0,TTEN3.SA
65,2024-04-05 00:00:00-03:00,10.167240292842044,10.285693462647828,10.048787123036258,10.177111625671387,640100,0.0,0.0,TTEN3.SA
66,2024-04-08 00:00:00-03:00,10.246209878517428,10.364663057638866,10.157369758830802,10.295565605163574,704900,0.0,0.0,TTEN3.SA
67,2024-04-09 00:00:00-03:00,10.335049978211782,10.562085002409814,10.315307311038639,10.552213668823242,864900,0.0,0.0,TTEN3.SA
68,2024-04-10 00:00:00-03:00,10.54234321271459,10.54234321271459,10.2659515222591,10.354791641235352,749700,0.0,0.0,TTEN3.SA
69,2024-04-11 00:00:00-03:00,10.35479105399872,10.384405052899467,10.147497768604122,10.315306663513184,561800,0.0,0.0,TTEN3.SA
70,2024-04-12 00:00:00-03:00,10.315306961637528,10.315306961637528,9.930334378622925,10.078400611877441,836200,0.0,0.0,TTEN3.SA
71,2024-04-15 00:00:00-03:00,10.078400764132972,10.078400764132972,9.772396018366729,9.831623077392578,1294000,0.0,0.0,TTEN3.SA
72,2024-04-16 00:00:00-03:00,9.78226750715965,9.851364959302282,9.574974209349573,9.584845542907715,2032300,0.0,0.0,TTEN3.SA
73,2024-04-17 00:00:00-03:00,9.604587049805005,9.752654225656938,9.565102657854254,9.634201049804688,784200,0.0,0.0,TTEN3.SA
74,2024-04-18 00:00:00-03:00,9.594716942834445,9.77239624119914,9.58484560920802,9.653943061828613,553200,0.0,0.0,TTEN3.SA
75,2024-04-19 00:00:00-03:00,9.673685291472793,9.79213846548485,9.48613372658376,9.624329566955566,1118100,0.0,0.0,TTEN3.SA
76,2024-04-22 00:00:00-03:00,9.62432926700177,9.703298047215318,9.525617821043777,9.604586601257324,856400,0.0,0.0,TTEN3.SA
77,2024-04-23 00:00:00-03:00,9.594716792073646,9.811880480149577,9.505876673596141,9.772396087646484,603700,0.0,0.0,TTEN3.SA
78,2024-04-24 00:00:00-03:00,9.752653781022651,10.009302787692697,9.72304072375522,9.861235618591309,633400,0.0,0.0,TTEN3.SA
79,2024-04-25 00:00:00-03:00,9.821751228440695,9.940204398892535,9.742782448139469,9.861235618591309,545700,0.0,0.0,TTEN3.SA
80,2024-04-26 00:00:00-03:00,9.87110731996133,10.127756336212043,9.87110731996133,9.95007610321045,718300,0.0,0.0,TTEN3.SA
81,2024-04-29 00:00:00-03:00,9.95007646399613,10.186982822333613,9.940205130386522,10.167241096496582,551800,0.0,0.0,TTEN3.SA
82,2024-04-30 00:00:00-03:00,10.167240353721956,10.167240353721956,9.900720014026472,9.9895601272583,824900,0.0,0.0,TTEN3.SA
83,2024-05-02 00:00:00-03:00,9.979689527529871,10.315307339336513,9.979689527529871,10.03891658782959,840400,0.0,0.0,TTEN3.SA
84,2024-05-03 00:00:00-03:00,10.16724057225988,10.325178136341393,9.723040937935089,9.811880111694336,1461800,0.0,0.0,TTEN3.SA
85,2024-05-06 00:00:00-03:00,9.76252556006971,9.76252556006971,8.913609720961464,9.377552032470703,4805600,0.0,0.0,TTEN3.SA
86,2024-05-07 00:00:00-03:00,9.347939125337074,9.535489754817673,9.219614614057855,9.259099006652832,1257400,0.0,0.0,TTEN3.SA
87,2024-05-08 00:00:00-03:00,9.278840958885587,9.357809746004275,9.081418991088867,9.081418991088867,1254100,0.0,0.0,TTEN3.SA
88,2024-05-09 00:00:00-03:00,9.308454431798472,10.335049547460093,9.180129924668,10.265951156616211,5245800,0.0,0.0,TTEN3.SA
89,2024-05-10 00:00:00-03:00,10.21659675931354,10.325178604194086,9.802010164122821,9.969819068908691,1371100,0.0,0.0,TTEN3.SA
90,2024-05-13 00:00:00-03:00,9.930334817542471,9.950076543537318,9.732911909300846,9.851365089416504,981000,0.0,0.0,TTEN3.SA
91,2024-05-14 00:00:00-03:00,9.851364652357052,9.8711073188582,9.663814027506893,9.693427085876465,552000,0.0,0.0,TTEN3.SA
92,2024-05-15 00:00:00-03:00,9.732911115256286,10.01917317919376,9.65394233495506,9.861235618591309,1838600,0.0,0.0,TTEN3.SA
93,2024-05-16 00:00:00-03:00,9.96981891809,10.157369545752347,9.930334525877814,10.088272094726562,2219700,0.0,0.0,TTEN3.SA
94,2024-05-17 00:00:00-03:00,10.108013820141572,10.117885153540161,9.920463192479225,10.088272094726562,461900,0.0,0.0,TTEN3.SA
95,2024-05-20 00:00:00-03:00,10.088272093375588,10.246209662203187,9.851364798752025,10.216596603393555,580200,0.0,0.0,TTEN3.SA
96,2024-05-21 00:00:00-03:00,10.196853349947961,10.236337739883222,10.029044457377571,10.177111625671387,437100,0.0,0.0,TTEN3.SA
97,2024-05-22 00:00:00-03:00,10.17711168661041,10.216596076782096,9.880978289631688,9.9895601272583,506100,0.0,0.0,TTEN3.SA
98,2024-05-23 00:00:00-03:00,9.98956086534061,10.058658317900825,9.841494626602382,9.910592079162598,804800,0.0,0.0,TTEN3.SA
99,2024-05-24 00:00:00-03:00,10.029044885906501,10.029044885906501,9.782267202921076,9.821751594543457,367800,0.0,0.0,TTEN3.SA
100,2024-05-27 00:00:00-03:00,9.821751893139226,9.871107619513229,9.574974202651395,9.8414945602417,809200,0.0,0.0,TTEN3.SA
101,2024-05-28 00:00:00-03:00,9.871107774488273,9.999432288522485,9.624330080126066,9.723041534423828,600700,0.0,0.0,TTEN3.SA
102,2024-05-29 00:00:00-03:00,9.723040712959763,9.772395494556642,9.56510221115055,9.604586601257324,596600,0.0,0.0,TTEN3.SA
103,2024-05-31 00:00:00-03:00,9.604586601257324,9.62432926700177,9.407164650723455,9.604586601257324,605100,0.0,0.0,TTEN3.SA
104,2024-06-03 00:00:00-03:00,9.61445823522985,9.93033430735859,9.515747727562612,9.752654075622559,1302000,0.0,0.0,TTEN3.SA
105,2024-06-04 00:00:00-03:00,9.75265370348148,9.811879817545446,9.614457868362038,9.663813591003418,508300,0.0,0.0,TTEN3.SA
106,2024-06-05 00:00:00-03:00,9.673685218715613,9.72304094286163,9.367680482116029,9.426907539367676,1302200,0.0,0.0,TTEN3.SA
107,2024-06-06 00:00:00-03:00,9.426907824523806,9.64407245250604,9.338067706650065,9.574974060058594,686200,0.0,0.0,TTEN3.SA
108,2024-06-07 00:00:00-03:00,9.57497427993399,9.69342745935836,9.496005493651076,9.525618553161621,597700,0.0,0.0,TTEN3.SA
109,2024-06-10 00:00:00-03:00,9.65394232423632,9.65394232423632,9.377551593488905,9.604586601257324,564300,0.0,0.0,TTEN3.SA
110,2024-06-11 00:00:00-03:00,9.604586969385597,9.772395869116759,9.535489519395878,9.693427085876465,1342000,0.0,0.0,TTEN3.SA
111,2024-06-12 00:00:00-03:00,9.772395720673957,9.900720226835722,9.67368521381408,9.811880111694336,1578000,0.0,0.0,TTEN3.SA
112,2024-06-13 00:00:00-03:00,9.811880261292323,9.950076102661736,9.634200969682682,9.821751594543457,1378000,0.0,0.0,TTEN3.SA
113,2024-06-14 00:00:00-03:00,9.821752029733139,10.009303604286243,9.772396302672732,9.851365089416504,553300,0.0,0.0,TTEN3.SA
114,2024-06-17 00:00:00-03:00,9.841494040306426,9.920462821779962,9.732911259743712,9.742782592773438,970200,0.0,0.0,TTEN3.SA
115,2024-06-18 00:00:00-03:00,9.752653932487936,10.019173334798271,9.624329427159948,9.999431610107422,1155000,0.0,0.0,TTEN3.SA
116,2024-06-19 00:00:00-03:00,9.969819143785896,9.999432203269873,9.782267570495605,9.782267570495605,1024400,0.0,0.0,TTEN3.SA
117,2024-06-20 00:00:00-03:00,9.782267202921076,9.95994743591287,9.693427086425178,9.821751594543457,1009900,0.0,0.0,TTEN3.SA
118,2024-06-21 00:00:00-03:00,9.871106885632816,9.999431388111896,9.683556269013922,9.920462608337402,1377300,0.0,0.0,TTEN3.SA
119,2024-06-24 00:00:00-03:00,9.920463263251497,9.940204988807345,9.782267418831873,9.900720596313477,2560900,0.0,0.0,TTEN3.SA
120,2024-06-25 00:00:00-03:00,9.910591639496907,9.920462972676782,9.535489451100988,9.624329566955566,2223100,0.0,0.0,TTEN3.SA
121,2024-06-26 00:00:00-03:00,9.57497369338375,9.673685140881553,9.505876244964567,9.614458084106445,792700,0.0,0.0,TTEN3.SA
122,2024-06-27 00:00:00-03:00,9.574973767985245,9.940204620361328,9.574973767985245,9.940204620361328,862000,0.0,0.0,TTEN3.SA
123,2024-06-28 00:00:00-03:00,9.890849916015267,9.95007603233918,9.683556626117277,9.752654075622559,877500,0.0,0.0,TTEN3.SA
124,2024-07-01 00:00:00-03:00,9.752654422697667,10.157369683715185,9.673685637200695,10.098142623901367,1036300,0.0,0.0,TTEN3.SA
125,2024-07-02 00:00:00-03:00,10.147498061878595,10.414018411395308,10.009303161876288,10.078400611877441,910600,0.0,0.0,TTEN3.SA
126,2024-07-03 00:00:00-03:00,10.078400462133862,10.29556508354508,10.06852912902832,10.06852912902832,561500,0.0,0.0,TTEN3.SA
127,2024-07-04 00:00:00-03:00,10.167241011138291,10.443631760211604,10.108013951360064,10.354791641235352,636500,0.0,0.0,TTEN3.SA
128,2024-07-05 00:00:00-03:00,10.275822346494106,10.512728691101074,10.196853564958449,10.512728691101074,526200,0.0,0.0,TTEN3.SA
129,2024-07-08 00:00:00-03:00,10.315307031029121,10.55221338238289,10.315307031029121,10.404147148132324,568300,0.0,0.0,TTEN3.SA
130,2024-07-09 00:00:00-03:00,10.32517829647277,10.502858529511153,10.32517829647277,10.463374137878418,399600,0.0,0.0,TTEN3.SA
131,2024-07-10 00:00:00-03:00,10.522600697258895,10.55221375688355,10.364663124084473,10.364663124084473,670400,0.0,0.0,TTEN3.SA
132,2024-07-11 00:00:00-03:00,10.364662242291388,10.522599802028976,10.246209072488197,10.433759689331055,908500,0.0,0.0,TTEN3.SA
133,2024-07-12 00:00:00-03:00,10.43375969529241,10.562084197998047,10.31530652542154,10.562084197998047,710500,0.0,0.0,TTEN3.SA
134,2024-07-15 00:00:00-03:00,10.601568959558811,10.858217973966088,10.483115785535947,10.77924919128418,730100,0.0,0.0,TTEN3.SA
135,2024-07-16 00:00:00-03:00,10.818733952618919,10.907574071519878,10.72989383371796,10.739765167236328,637500,0.0,0.0,TTEN3.SA
136,2024-07-17 00:00:00-03:00,10.739764501155761,10.818733281640705,10.660795720670816,10.759506225585938,316300,0.0,0.0,TTEN3.SA
137,2024-07-18 00:00:00-03:00,10.759506674499882,10.769378007817886,10.601569106940437,10.660796165466309,1844000,0.0,0.0,TTEN3.SA
138,2024-07-19 00:00:00-03:00,10.57195583287461,10.937186685756666,10.57195583287461,10.710151672363281,755600,0.0,0.0,TTEN3.SA
139,2024-07-22 00:00:00-03:00,10.917445101530525,10.917445101530525,10.641053418993039,10.848346710205078,591400,0.0,0.0,TTEN3.SA
140,2024-07-23 00:00:00-03:00,10.749636435362271,11.006284515603356,10.483116080280697,10.542343139648438,1169100,0.0,0.0,TTEN3.SA
141,2024-07-24 00:00:00-03:00,10.542342909421668,10.650924750945416,10.414018401412427,10.591697692871094,525800,0.0,0.0,TTEN3.SA
142,2024-07-25 00:00:00-03:00,10.552213747181534,10.729893987530492,10.542343354903853,10.621312141418457,962200,0.0,0.0,TTEN3.SA
143,2024-07-26 00:00:00-03:00,10.621311481474187,10.89770221710205,10.542342699866227,10.89770221710205,951800,0.0,0.0,TTEN3.SA
144,2024-07-29 00:00:00-03:00,10.89770251713719,10.947058242346559,10.532471656799316,10.532471656799316,525500,0.0,0.0,TTEN3.SA
145,2024-07-30 00:00:00-03:00,10.512728921382722,10.552213313015457,10.384405354612948,10.463374137878418,819500,0.0,0.0,TTEN3.SA
146,2024-07-31 00:00:00-03:00,10.374534236385706,10.650924983543428,10.374534236385706,10.542343139648438,601500,0.0,0.0,TTEN3.SA
147,2024-08-01 00:00:00-03:00,10.542342837227446,10.70028040250121,10.246209431648063,10.265951156616211,1107000,0.0,0.0,TTEN3.SA
148,2024-08-02 00:00:00-03:00,10.265951022320506,10.463373917712238,10.147497849914746,10.384405136108398,861500,0.0,0.0,TTEN3.SA
149,2024-08-05 00:00:00-03:00,9.989560710278436,10.226467065135116,9.959947651266894,10.157369613647461,553200,0.0,0.0,TTEN3.SA
150,2024-08-06 00:00:00-03:00,10.167240797778636,10.295565306786756,10.019173622131348,10.019173622131348,640600,0.0,0.0,TTEN3.SA
151,2024-08-07 00:00:00-03:00,10.09814270261151,10.22646721538986,10.06852964316487,10.167241096496582,614500,0.0,0.0,TTEN3.SA
152,2024-08-08 00:00:00-03:00,10.167240796778556,10.542342990446436,10.048787621101672,10.404147148132324,907900,0.0,0.0,TTEN3.SA
153,2024-08-09 00:00:00-03:00,10.315307097315998,10.69040929339431,10.16724086211395,10.601569175720215,1973000,0.0,0.0,TTEN3.SA
154,2024-08-12 00:00:00-03:00,10.710151665221227,10.710151665221227,10.285693755303607,10.325178146362305,1790200,0.0,0.0,TTEN3.SA
155,2024-08-13 00:00:00-03:00,10.858218395028661,11.48009828880071,10.522600584924808,11.450485229492188,4960100,0.0,0.0,TTEN3.SA
156,2024-08-14 00:00:00-03:00,11.41100025177002,11.499839425142294,11.193835631412814,11.41100025177002,1772700,0.0,0.0,TTEN3.SA
157,2024-08-15 00:00:00-03:00,11.489969033432683,12.013137447517817,11.312288803924393,11.924297332763672,1646000,0.0,0.0,TTEN3.SA
158,2024-08-16 00:00:00-03:00,11.924297619536631,12.319141537515133,11.924297619536631,12.200688362121582,1454100,0.0,0.0,TTEN3.SA
159,2024-08-19 00:00:00-03:00,12.32901316329673,12.635017913026173,12.240173044298436,12.6054048538208,1018400,0.0,0.0,TTEN3.SA
160,2024-08-20 00:00:00-03:00,12.526434898376465,12.664630741116584,12.417853055683475,12.526434898376465,949000,0.0,0.0,TTEN3.SA
161,2024-08-21 00:00:00-03:00,12.58566204399524,12.58566204399524,11.953910826026526,12.082235336303711,1238200,0.0,0.0,TTEN3.SA
162,2024-08-22 00:00:00-03:00,12.151333813916168,12.319141776272703,11.884813458078623,11.894684791564941,1125100,0.0,0.0,TTEN3.SA
163,2024-08-23 00:00:00-03:00,11.89468457331809,12.131590924349858,11.805844456335638,11.944040298461914,1403900,0.0,0.0,TTEN3.SA
164,2024-08-26 00:00:00-03:00,11.953910244909812,12.082234748948743,11.884812797112742,12.042750358581543,968700,0.0,0.0,TTEN3.SA
165,2024-08-27 00:00:00-03:00,12.131591278675394,12.230302731846093,12.042751159098202,12.16120433807373,1006200,0.0,0.0,TTEN3.SA
166,2024-08-28 00:00:00-03:00,12.161204342017387,12.171075675614095,11.973653710590861,12.032879829406738,584000,0.0,0.0,TTEN3.SA
167,2024-08-29 00:00:00-03:00,12.101978243939142,12.101978243939142,11.677520312375211,11.77623176574707,995900,0.0,0.0,TTEN3.SA
168,2024-08-30 00:00:00-03:00,11.815715789794922,11.815715789794922,11.56893810545474,11.815715789794922,1175800,0.0,0.0,TTEN3.SA
169,2024-09-02 00:00:00-03:00,11.805844160218857,12.111848895329564,11.598550872919896,11.924297332763672,1398700,0.0,0.0,TTEN3.SA
170,2024-09-03 00:00:00-03:00,11.924297920955222,11.963782313751146,11.726875956975602,11.835457801818848,974500,0.0,0.0,TTEN3.SA
171,2024-09-04 00:00:00-03:00,11.79597268183015,11.93416851878754,11.657777786254883,11.657777786254883,690000,0.0,0.0,TTEN3.SA
172,2024-09-05 00:00:00-03:00,11.736747443347102,11.865071956950345,11.588680262397734,11.717004776000977,1268400,0.0,0.0,TTEN3.SA
173,2024-09-06 00:00:00-03:00,11.825586318969727,11.934169103824235,11.726875808917281,11.825586318969727,1202100,0.0,0.0,TTEN3.SA
174,2024-09-09 00:00:00-03:00,11.845328982583755,12.161204120877029,11.845328982583755,12.082235336303711,1216000,0.0,0.0,TTEN3.SA
175,2024-09-10 00:00:00-03:00,12.141462460834877,12.309271364302763,11.983524890837378,12.279657363891602,1225900,0.0,0.0,TTEN3.SA
176,2024-09-11 00:00:00-03:00,12.269786902499618,12.338884353637695,12.07236399973568,12.338884353637695,705200,0.0,0.0,TTEN3.SA
177,2024-09-12 00:00:00-03:00,12.33888384200625,12.388239565650702,11.963781660243406,12.111848831176758,931600,0.0,0.0,TTEN3.SA
178,2024-09-13 00:00:00-03:00,12.210559627051161,12.516564367807835,12.141462177137331,12.259915351867676,1162200,0.0,0.0,TTEN3.SA
179,2024-09-16 00:00:00-03:00,12.240172753898028,12.329012870788574,12.161203970302465,12.329012870788574,731300,0.0,0.0,TTEN3.SA
180,2024-09-17 00:00:00-03:00,12.338884573310402,12.427724692859387,12.171075667802805,12.289528846740723,1042500,0.0,0.0,TTEN3.SA
181,2024-09-18 00:00:00-03:00,12.269786299593557,12.309270689929749,11.756488283840946,11.786101341247559,1444200,0.0,0.0,TTEN3.SA
182,2024-09-19 00:00:00-03:00,11.845328766809313,11.953910608274157,11.746617317199707,11.746617317199707,691400,0.0,0.0,TTEN3.SA
183,2024-09-20 00:00:00-03:00,11.795973495808605,11.845329222512177,11.460355683882945,11.647907257080078,1257500,0.0,0.0,TTEN3.SA
184,2024-09-23 00:00:00-03:00,11.638035110898684,11.638035110898684,11.174092818488928,11.401128768920898,978900,0.0,0.0,TTEN3.SA
185,2024-09-24 00:00:00-03:00,11.401129286468128,11.450485011966169,11.243191717980125,11.371516227722168,664200,0.0,0.0,TTEN3.SA
186,2024-09-25 00:00:00-03:00,11.509710528967997,11.509710528967997,11.183964075610948,11.203706741333008,459000,0.0,0.0,TTEN3.SA
187,2024-09-26 00:00:00-03:00,11.203707030811252,11.371515928256091,11.174093031463006,11.351773262023926,1035000,0.0,0.0,TTEN3.SA
188,2024-09-27 00:00:00-03:00,11.450485233044846,11.499840018113636,11.272804994374225,11.322160720825195,978900,0.0,0.0,TTEN3.SA
189,2024-09-30 00:00:00-03:00,11.322160421903684,11.341902147133553,11.095124462776171,11.174093246459961,937800,0.0,0.0,TTEN3.SA
190,2024-10-01 00:00:00-03:00,11.134608561925933,11.262933067384402,10.85821782629807,10.89770221710205,1093900,0.0,0.0,TTEN3.SA
191,2024-10-02 00:00:00-03:00,10.956929270734689,11.114866833903555,10.729893317642842,10.769377708435059,1351900,0.0,0.0,TTEN3.SA
192,2024-10-03 00:00:00-03:00,10.907573479276008,10.986542260370866,10.670667135991438,10.828604698181152,1068900,0.0,0.0,TTEN3.SA
193,2024-10-04 00:00:00-03:00,10.976671066717163,10.976671066717163,10.779249111474112,10.838475227355957,709900,0.0,0.0,TTEN3.SA
194,2024-10-07 00:00:00-03:00,10.858218043449021,11.006284276579557,10.759506593773896,10.848346710205078,490300,0.0,0.0,TTEN3.SA
195,2024-10-08 00:00:00-03:00,10.828605201707585,10.956929712299305,10.798991201383378,10.927315711975098,714100,0.0,0.0,TTEN3.SA
196,2024-10-09 00:00:00-03:00,10.927315268269828,10.927315268269828,10.522600027427558,10.641053199768066,922000,0.0,0.0,TTEN3.SA
197,2024-10-10 00:00:00-03:00,10.571955979522901,10.611440371155636,10.433760138117252,10.463374137878418,882300,0.0,0.0,TTEN3.SA
198,2024-10-11 00:00:00-03:00,10.463373908677887,10.512728691101074,10.295565012569085,10.512728691101074,800000,0.0,0.0,TTEN3.SA
199,2024-10-14 00:00:00-03:00,10.522599802028976,10.60156858189777,10.335049185186119,10.433759689331055,1085400,0.0,0.0,TTEN3.SA
200,2024-10-15 00:00:00-03:00,10.47324430609282,10.51272869688236,10.22646662831265,10.256080627441406,724800,0.0,0.0,TTEN3.SA
201,2024-10-16 00:00:00-03:00,10.256080982074494,10.44363160946438,10.137627805610014,10.34492015838623,654900,0.0,0.0,TTEN3.SA
202,2024-10-17 00:00:00-03:00,10.364662470016372,10.384405136108398,10.157369182960759,10.384405136108398,621300,0.0,0.0,TTEN3.SA
203,2024-10-18 00:00:00-03:00,10.423889815444456,10.43376020738155,10.137627738861246,10.14749813079834,573900,0.0,0.0,TTEN3.SA
204,2024-10-21 00:00:00-03:00,10.157369244213916,10.177111910425,10.038916071093835,10.06852912902832,564900,0.0,0.0,TTEN3.SA
205,2024-10-22 00:00:00-03:00,10.058658094530797,10.137627820337338,9.98956064350501,10.088272094726562,470600,0.0,0.0,TTEN3.SA
206,2024-10-23 00:00:00-03:00,10.088272078932643,10.522600392586728,10.068529412166374,10.473244667053223,1075100,0.0,0.0,TTEN3.SA
207,2024-10-24 00:00:00-03:00,10.571956114710783,10.956929644089376,10.374534154022594,10.8582181930542,1219200,0.0,0.0,TTEN3.SA
208,2024-10-25 00:00:00-03:00,10.96679981771656,11.164222715855834,10.8977023681971,11.035898208618164,719700,0.0,0.0,TTEN3.SA
209,2024-10-28 00:00:00-03:00,11.065511186736135,11.460355097394014,11.035898128782328,11.095124244689941,658700,0.0,0.0,TTEN3.SA
210,2024-10-29 00:00:00-03:00,11.075382817175086,11.282676111180953,11.055640150421116,11.243191719055176,613700,0.0,0.0,TTEN3.SA
211,2024-10-30 00:00:00-03:00,11.243191499998119,11.341902007698247,11.164222717285156,11.164222717285156,502200,0.0,0.0,TTEN3.SA
212,2024-10-31 00:00:00-03:00,11.23332008647099,11.420870708727344,11.154351304322825,11.223448753356934,974200,0.0,0.0,TTEN3.SA
213,2024-11-01 00:00:00-03:00,11.203706741333008,11.22344846567295,11.085252629764884,11.203706741333008,484100,0.0,0.0,TTEN3.SA
214,2024-11-04 00:00:00-03:00,11.253062096893649,11.657778292401426,11.253062096893649,11.499839782714844,578800,0.0,0.0,TTEN3.SA
215,2024-11-05 00:00:00-03:00,11.57880835070996,11.845328698284797,11.499839568031966,11.8058443069458,622500,0.0,0.0,TTEN3.SA
216,2024-11-06 00:00:00-03:00,11.549195502926441,12.309271226775024,11.499839777508114,12.269786834716797,1406200,0.0,0.0,TTEN3.SA
217,2024-11-07 00:00:00-03:00,12.101977490527018,12.388239557825456,11.805844090229499,11.855199813842773,876200,0.0,0.0,TTEN3.SA
218,2024-11-08 00:00:00-03:00,11.805844745860288,11.805844745860288,11.578808781183765,11.707133293151855,898900,0.0,0.0,TTEN3.SA
219,2024-11-11 00:00:00-03:00,11.746617744777504,12.062493830196862,11.588680172758917,12.032879829406738,1254600,0.0,0.0,TTEN3.SA
220,2024-11-12 00:00:00-03:00,12.753470777198713,13.997230529785156,12.753470777198713,13.997230529785156,7368500,0.0,0.0,TTEN3.SA
221,2024-11-13 00:00:00-03:00,13.908390717877802,14.016972562259014,13.4740614575886,13.631999969482422,1923800,0.0,0.0,TTEN3.SA
222,2024-11-14 00:00:00-03:00,13.631999736688211,14.490785967716388,13.612257070020313,14.194652557373047,3028500,0.0,0.0,TTEN3.SA
223,2024-11-18 00:00:00-03:00,14.125555107329811,14.194652557905725,13.55303001190738,14.066328048706055,1506700,0.0,0.0,TTEN3.SA
224,2024-11-19 00:00:00-03:00,14.007100990617618,14.184781225113513,13.622128404386059,13.938003540039062,1009900,0.0,0.0,TTEN3.SA
225,2024-11-21 00:00:00-03:00,13.819550216646144,14.20452374015029,13.730710100346561,14.056456565856934,1731800,0.0,0.0,TTEN3.SA
226,2024-11-22 00:00:00-03:00,14.11568333873247,14.244007843975199,13.918261385044476,14.1650390625,625200,0.0,0.0,TTEN3.SA
227,2024-11-25 00:00:00-03:00,14.214394430414787,14.471043451472312,14.066328194395075,14.33284854888916,787700,0.0,0.0,TTEN3.SA
228,2024-11-26 00:00:00-03:00,14.461172103881836,14.64872367346422,14.313105868007046,14.461172103881836,714200,0.0,0.0,TTEN3.SA
229,2024-11-27 00:00:00-03:00,14.59936751058068,14.59936751058068,13.819550079466094,13.918261528015137,1174200,0.0,0.0,TTEN3.SA
230,2024-11-28 00:00:00-03:00,13.878777832706664,13.967617011196328,13.000248908996582,13.000248908996582,1901100,0.0,0.0,TTEN3.SA
231,2024-11-29 00:00:00-03:00,13.059474934831535,13.592515650260266,12.871924304181642,13.444448471069336,1722600,0.0,0.0,TTEN3.SA
232,2024-12-02 00:00:00-03:00,13.454319367755353,13.671483992021276,13.365479251401922,13.414834976196289,1640900,0.0,0.0,TTEN3.SA
233,2024-12-03 00:00:00-03:00,13.434577134135973,13.572772979736328,13.375351015580236,13.572772979736328,1025600,0.0,0.0,TTEN3.SA
234,2024-12-04 00:00:00-03:00,13.572772256742804,14.204523449772399,13.513545199959788,14.036714553833008,1660500,0.0,0.0,TTEN3.SA
235,2024-12-05 00:00:00-03:00,14.056457080184426,14.372333165405575,13.967616960634173,14.155168533325195,1538900,0.0,0.0,TTEN3.SA
236,2024-12-06 00:00:00-03:00,14.115684076947439,14.194652862552507,13.740581874632278,13.957746505737305,1005400,0.0,0.0,TTEN3.SA
237,2024-12-09 00:00:00-03:00,13.859034321422786,14.155167722500027,13.661612367832005,13.908390045166016,1112400,0.0,0.0,TTEN3.SA
238,2024-12-10 00:00:00-03:00,13.918261967838582,14.145296988740792,13.622128554215642,13.6912260055542,942900,0.0,0.0,TTEN3.SA
239,2024-12-11 00:00:00-03:00,13.651741460491147,14.737563651171408,13.651741460491147,14.579626083374023,2109800,0.0,0.0,TTEN3.SA
240,2024-12-12 00:00:00-03:00,14.550011714486251,14.668464887331124,14.263749644765605,14.490785598754883,1824600,0.0,0.0,TTEN3.SA
241,2024-12-13 00:00:00-03:00,14.451301132076264,15.043566993196931,14.382202742242253,14.678336143493652,2046400,0.0,0.0,TTEN3.SA
242,2024-12-16 00:00:00-03:00,14.668464878784768,14.895500832641764,14.06632768182862,14.105812072753906,1217300,0.0,0.0,TTEN3.SA
243,2024-12-17 00:00:00-03:00,14.313105504492754,14.846145258039268,14.135425272849869,14.500656127929688,1529500,0.0,0.0,TTEN3.SA
244,2024-12-18 00:00:00-03:00,14.45130142084726,14.569754595438367,13.671483982085864,13.79980754852295,1490600,0.0,0.0,TTEN3.SA
245,2024-12-19 00:00:00-03:00,13.829421912445673,14.016972541809082,13.553030223071357,14.016972541809082,1104300,0.0,0.0,TTEN3.SA
246,2024-12-20 00:00:00-03:00,14.016971884295414,14.036714550345557,13.740581149268317,13.908390045166016,621900,0.0,0.0,TTEN3.SA
247,2024-12-23 00:00:00-03:00,13.770194192620963,13.898518697666866,13.365478952835801,13.395092010498047,961700,0.0,0.0,TTEN3.SA
248,2024-12-26 00:00:00-03:00,13.395092459009462,13.572772693696507,13.25689755770368,13.42470645904541,680600,0.0,0.0,TTEN3.SA
249,2024-12-27 00:00:00-03:00,13.513545413046614,13.513545413046614,13.049604050022932,13.217412948608398,865400,0.0,0.0,TTEN3.SA
250,2024-12-30 00:00:00-03:00,13.325995142507681,13.562901496887207,13.108830513635363,13.562901496887207,880300,0.0,0.0,TTEN3.SA
251,2025-01-02 00:00:00-03:00,13.572772766479266,13.572772766479266,12.990377275332827,13.108830451965332,984800,0.0,0.0,TTEN3.SA
252,2025-01-03 00:00:00-03:00,12.980506025231792,13.16805759547342,12.723857944905513,12.921279907226562,637300,0.0,0.0,TTEN3.SA
253,2025-01-06 00:00:00-03:00,13.325994858314615,13.51354548285312,12.832439493191853,13.158185958862305,1221400,0.0,0.0,TTEN3.SA
254,2025-01-07 00:00:00-03:00,13.158186177574418,13.325995079816007,13.000248608731077,13.108830451965332,825800,0.0,0.0,TTEN3.SA
255,2025-01-08 00:00:00-03:00,12.970635841031603,13.32599537890481,12.812697327261324,13.256897926330566,1236400,0.0,0.0,TTEN3.SA
256,2025-01-09 00:00:00-03:00,13.256897189011827,13.977487558300433,13.029861235294533,13.72083854675293,1212900,0.0,0.0,TTEN3.SA
257,2025-01-10 00:00:00-03:00,13.809679115557215,13.809679115557215,13.345737742566111,13.493803977966309,1322000,0.0,0.0,TTEN3.SA
258,2025-01-13 00:00:00-03:00,13.631999887658914,13.829421849613484,13.48393271015636,13.6912260055542,989300,0.0,0.0,TTEN3.SA
259,2025-01-14 00:00:00-03:00,13.661612431092511,14.007100616130641,13.61225670712074,13.72083854675293,897700,0.0,0.0,TTEN3.SA
260,2025-01-15 00:00:00-03:00,13.730710179259887,13.947874804642277,13.710968454069937,13.868906021118164,828300,0.0,0.0,TTEN3.SA
261,2025-01-16 00:00:00-03:00,13.868906171874057,13.878777505267411,13.701097269715683,13.750452995300293,778100,0.0,0.0,TTEN3.SA
262,2025-01-17 00:00:00-03:00,13.750452408083188,13.799807190177921,13.49380339910922,13.710968017578125,480100,0.0,0.0,TTEN3.SA
263,2025-01-20 00:00:00-03:00,13.641870425177066,14.04658568684477,13.553030306004706,13.829421997070312,837400,0.0,0.0,TTEN3.SA
264,2025-01-21 00:00:00-03:00,13.730710167692765,14.293362985173617,13.720838834415026,14.253878593444824,854400,0.0,0.0,TTEN3.SA
265,2025-01-22 00:00:00-03:00,14.313105944415623,14.895501440361269,14.145297040791212,14.658595085144043,1122500,0.0,0.0,TTEN3.SA
266,2025-01-23 00:00:00-03:00,14.540140298327753,14.727691860297151,14.273620896295094,14.421687126159668,888500,0.0,0.0,TTEN3.SA
267,2025-01-24 00:00:00-03:00,14.362461526201706,14.490786036001262,14.194652624262451,14.392074584960938,498300,0.0,0.0,TTEN3.SA
268,2025-01-27 00:00:00-03:00,14.49078609583344,15.15215037294075,14.342718918661586,15.102794647216797,1124100,0.0,0.0,TTEN3.SA
269,2025-01-28 00:00:00-03:00,15.20150500600331,15.458154024108055,14.885629870724953,15.34957218170166,1296300,0.0,0.0,TTEN3.SA
270,2025-01-29 00:00:00-03:00,15.34957195482585,15.813514258945213,15.22124744767019,15.6555757522583,1106400,0.0,0.0,TTEN3.SA
271,2025-01-30 00:00:00-03:00,15.655575472463052,16.149131767292868,15.586478024222657,15.89248275756836,1728200,0.0,0.0,TTEN3.SA
272,2025-01-31 00:00:00-03:00,15.902354968915546,16.109647325086264,15.418669980370666,15.695060729980469,2315700,0.0,0.0,TTEN3.SA
273,2025-02-03 00:00:00-03:00,15.714802948513269,16.22810098166222,15.635834165164532,15.92209529876709,1622600,0.0,0.0,TTEN3.SA
274,2025-02-04 00:00:00-03:00,15.991194046670063,16.159002940493345,15.714802373677529,16.010934829711914,1484000,0.0,0.0,TTEN3.SA
275,2025-02-05 00:00:00-03:00,16.020807221967125,16.020807221967125,15.468025722194437,15.566737174987793,659300,0.0,0.0,TTEN3.SA
276,2025-02-06 00:00:00-03:00,15.616091805834968,15.922095611985474,15.379185451128349,15.813514709472656,676700,0.0,0.0,TTEN3.SA
277,2025-02-07 00:00:00-03:00,15.76415868505709,15.912225859981593,15.33970076820853,15.665447235107422,643700,0.0,0.0,TTEN3.SA
278,2025-02-10 00:00:00-03:00,15.665447155552853,16.109646795306254,15.616091430828664,15.852997779846191,1145500,0.0,0.0,TTEN3.SA
279,2025-02-11 00:00:00-03:00,15.665447235390388,15.971451977134166,15.64570551022939,15.793771743774414,1224700,0.0,0.0,TTEN3.SA
280,2025-02-12 00:00:00-03:00,15.754287434521471,15.793771826432264,15.221247673034668,15.221247673034668,860400,0.0,0.0,TTEN3.SA
281,2025-02-13 00:00:00-03:00,15.112665963777125,15.566736945442976,14.954727453360256,15.487767219543457,1063900,0.0,0.0,TTEN3.SA
282,2025-02-14 00:00:00-03:00,15.546993489552289,16.425521408064654,15.300215815114951,16.2675838470459,1677300,0.0,0.0,TTEN3.SA
283,2025-02-17 00:00:00-03:00,16.524233299573112,16.603202082209997,16.198486835850435,16.425521850585938,1089800,0.0,0.0,TTEN3.SA
284,2025-02-18 00:00:00-03:00,16.425522256493647,16.425522256493647,15.152150369660793,15.359443664550781,2209000,0.0,0.0,TTEN3.SA
285,2025-02-19 00:00:00-03:00,14.964598969780006,14.964598969780006,14.135425780825283,14.342719078063965,5310300,0.0,0.0,TTEN3.SA
286,2025-02-20 00:00:00-03:00,14.342719141076762,14.668465617971213,14.204524236565286,14.540141105651855,1467900,0.0,0.0,TTEN3.SA
287,2025-02-21 00:00:00-03:00,14.599368165715475,14.737564011609134,14.263750355246723,14.540141105651855,1434200,0.0,0.0,TTEN3.SA
288,2025-02-24 00:00:00-03:00,14.540140303816123,14.688207475118718,14.1650390625,14.1650390625,1276600,0.0,0.0,TTEN3.SA
289,2025-02-25 00:00:00-03:00,15.102793981281195,15.300215934089799,14.550011572034975,14.737563133239746,2941300,0.0,0.0,TTEN3.SA
290,2025-02-26 00:00:00-03:00,14.865887852849603,15.14227859077785,14.303234102482282,14.431558609008789,1498400,0.0,0.0,TTEN3.SA
291,2025-02-27 00:00:00-03:00,14.372333072575644,14.628981154596037,14.263750286545692,14.59936809539795,1323300,0.0,0.0,TTEN3.SA
292,2025-02-28 00:00:00-03:00,14.59000015258789,14.779999732971191,14.369999885559082,14.680000305175781,1462500,0.190632,0.0,TTEN3.SA
293,2025-03-05 00:00:00-03:00,14.609999656677246,14.819999694824219,14.079999923706055,14.15999984741211,1248000,0.0,0.0,TTEN3.SA
294,2025-03-06 00:00:00-03:00,14.15999984741211,14.430000305175781,14.050000190734863,14.229999542236328,1035800,0.0,0.0,TTEN3.SA
295,2025-03-07 00:00:00-03:00,14.25,14.449999809265137,14.170000076293945,14.449999809265137,897600,0.0,0.0,TTEN3.SA
296,2025-03-10 00:00:00-03:00,14.390000343322754,14.539999961853027,14.220000267028809,14.369999885559082,780100,0.0,0.0,TTEN3.SA
297,2025-03-11 00:00:00-03:00,14.430000305175781,14.430000305175781,13.960000038146973,14.149999618530273,759900,0.0,0.0,TTEN3.SA
298,2025-03-12 00:00:00-03:00,14.039999961853027,14.1899995803833,13.609999656677246,14.039999961853027,1963800,0.0,0.0,TTEN3.SA
299,2025-03-13 00:00:00-03:00,14.069999694824219,14.220000267028809,13.720000267028809,14.220000267028809,1784800,0.0,0.0,TTEN3.SA
300,2025-03-14 00:00:00-03:00,14.300000190734863,14.390000343322754,13.979999542236328,14.140000343322754,941700,0.0,0.0,TTEN3.SA
301,2025-03-17 00:00:00-03:00,14.289999961853027,14.289999961853027,13.699999809265137,13.920000076293945,1384400,0.0,0.0,TTEN3.SA
302,2025-03-18 00:00:00-03:00,14.0,14.699999809265137,13.859999656677246,14.539999961853027,1344000,0.0,0.0,TTEN3.SA
303,2025-03-19 00:00:00-03:00,14.539999961853027,14.640000343322754,14.359999656677246,14.359999656677246,849600,0.0,0.0,TTEN3.SA
304,2025-03-20 00:00:00-03:00,14.34000015258789,14.539999961853027,14.170000076293945,14.239999771118164,608600,0.0,0.0,TTEN3.SA
305,2025-03-21 00:00:00-03:00,14.119999885559082,14.350000381469727,14.0600004196167,14.1899995803833,857600,0.0,0.0,TTEN3.SA
306,2025-03-24 00:00:00-03:00,14.25,14.25,13.960000038146973,14.020000457763672,571100,0.0,0.0,TTEN3.SA
307,2025-03-25 00:00:00-03:00,14.069999694824219,14.390000343322754,14.069999694824219,14.1899995803833,504500,0.0,0.0,TTEN3.SA
308,2025-03-26 00:00:00-03:00,14.15999984741211,14.380000114440918,14.149999618530273,14.289999961853027,718400,0.0,0.0,TTEN3.SA
309,2025-03-27 00:00:00-03:00,14.25,15.039999961853027,14.229999542236328,14.859999656677246,1585900,0.0,0.0,TTEN3.SA
310,2025-03-28 00:00:00-03:00,14.90999984741211,14.979999542236328,14.279999732971191,14.319999694824219,692500,0.0,0.0,TTEN3.SA
311,2025-03-31 00:00:00-03:00,14.199999809265137,14.609999656677246,14.109999656677246,14.489999771118164,659600,0.0,0.0,TTEN3.SA
312,2025-04-01 00:00:00-03:00,14.449999809265137,14.710000038146973,14.149999618530273,14.5,1429600,0.0,0.0,TTEN3.SA
313,2025-04-02 00:00:00-03:00,14.430000305175781,14.609999656677246,13.899999618530273,14.239999771118164,1755500,0.0,0.0,TTEN3.SA
314,2025-04-03 00:00:00-03:00,14.270000457763672,14.609999656677246,14.119999885559082,14.40999984741211,1008300,0.0,0.0,TTEN3.SA
315,2025-04-04 00:00:00-03:00,14.0600004196167,14.229999542236328,13.930000305175781,13.930000305175781,1234300,0.0,0.0,TTEN3.SA
316,2025-04-07 00:00:00-03:00,13.680000305175781,14.210000038146973,13.529999732971191,13.979999542236328,1245300,0.0,0.0,TTEN3.SA
317,2025-04-08 00:00:00-03:00,13.979999542236328,14.34000015258789,13.979999542236328,14.09000015258789,837900,0.0,0.0,TTEN3.SA
318,2025-04-09 00:00:00-03:00,14.069999694824219,14.470000267028809,14.0,14.270000457763672,1172400,0.0,0.0,TTEN3.SA
319,2025-04-10 00:00:00-03:00,14.180000305175781,14.3100004196167,13.880000114440918,14.140000343322754,1780800,0.0,0.0,TTEN3.SA
320,2025-04-11 00:00:00-03:00,14.149999618530273,14.770000457763672,14.079999923706055,14.569999694824219,874400,0.0,0.0,TTEN3.SA
321,2025-04-14 00:00:00-03:00,14.770000457763672,15.260000228881836,14.5600004196167,15.180000305175781,1162100,0.0,0.0,TTEN3.SA
322,2025-04-15 00:00:00-03:00,15.25,16.0,15.149999618530273,15.8100004196167,1482600,0.0,0.0,TTEN3.SA
323,2025-04-16 00:00:00-03:00,15.8100004196167,16.209999084472656,15.680000305175781,15.84000015258789,1342900,0.0,0.0,TTEN3.SA
324,2025-04-17 00:00:00-03:00,16.0,16.520000457763672,15.739999771118164,16.40999984741211,1082400,0.0,0.0,TTEN3.SA
325,2025-04-22 00:00:00-03:00,16.1200008392334,17.1200008392334,16.079999923706055,16.780000686645508,2585300,0.0,0.0,TTEN3.SA
326,2025-04-23 00:00:00-03:00,16.799999237060547,17.09000015258789,16.459999084472656,16.760000228881836,1329700,0.0,0.0,TTEN3.SA
327,2025-04-24 00:00:00-03:00,16.649999618530273,16.979999542236328,16.649999618530273,16.899999618530273,1078100,0.0,0.0,TTEN3.SA
328,2025-04-25 00:00:00-03:00,16.920000076293945,16.920000076293945,15.920000076293945,16.200000762939453,1835800,0.0,0.0,TTEN3.SA
329,2025-04-28 00:00:00-03:00,16.15999984741211,16.75,16.15999984741211,16.75,1227500,0.0,0.0,TTEN3.SA
330,2025-04-29 00:00:00-03:00,16.899999618530273,17.09000015258789,16.049999237060547,16.25,1868500,0.0,0.0,TTEN3.SA
331,2025-04-30 00:00:00-03:00,16.100000381469727,16.530000686645508,15.84000015258789,16.200000762939453,1381000,0.0,0.0,TTEN3.SA
332,2025-05-02 00:00:00-03:00,16.110000610351562,16.200000762939453,15.460000038146973,15.710000038146973,1224500,0.0,0.0,TTEN3.SA
333,2025-05-05 00:00:00-03:00,15.729999542236328,15.75,15.100000381469727,15.539999961853027,1342700,0.0,0.0,TTEN3.SA
334,2025-05-06 00:00:00-03:00,15.640000343322754,15.8100004196167,15.430000305175781,15.739999771118164,839900,0.0,0.0,TTEN3.SA
335,2025-05-07 00:00:00-03:00,15.760000228881836,15.760000228881836,15.0600004196167,15.140000343322754,1115400,0.0,0.0,TTEN3.SA
336,2025-05-08 00:00:00-03:00,15.239999771118164,15.720000267028809,15.140000343322754,15.180000305175781,1523400,0.0,0.0,TTEN3.SA
337,2025-05-09 00:00:00-03:00,15.199999809265137,15.229999542236328,14.180000305175781,14.890000343322754,3891400,0.0,0.0,TTEN3.SA
338,2025-05-12 00:00:00-03:00,14.890000343322754,14.979999542236328,14.140000343322754,14.59000015258789,2681700,0.0,0.0,TTEN3.SA
339,2025-05-13 00:00:00-03:00,14.59000015258789,14.789999961853027,14.390000343322754,14.399999618530273,1489100,0.0,0.0,TTEN3.SA
340,2025-05-14 00:00:00-03:00,14.399999618530273,14.539999961853027,14.010000228881836,14.199999809265137,1078000,0.0,0.0,TTEN3.SA
341,2025-05-15 00:00:00-03:00,14.109999656677246,14.5,14.109999656677246,14.34000015258789,1179800,0.0,0.0,TTEN3.SA
342,2025-05-16 00:00:00-03:00,14.329999923706055,14.720000267028809,14.09000015258789,14.609999656677246,1317600,0.0,0.0,TTEN3.SA
343,2025-05-19 00:00:00-03:00,14.529999732971191,14.619999885559082,14.3100004196167,14.579999923706055,2659300,0.0,0.0,TTEN3.SA
344,2025-05-20 00:00:00-03:00,14.65999984741211,14.65999984741211,14.210000038146973,14.65999984741211,1615800,0.0,0.0,TTEN3.SA
345,2025-05-21 00:00:00-03:00,14.649999618530273,14.819999694824219,14.229999542236328,14.229999542236328,1291400,0.0,0.0,TTEN3.SA
346,2025-05-22 00:00:00-03:00,14.229999542236328,14.550000190734863,14.149999618530273,14.260000228881836,717000,0.0,0.0,TTEN3.SA
347,2025-05-23 00:00:00-03:00,14.199999809265137,14.65999984741211,14.050000190734863,14.649999618530273,990900,0.0,0.0,TTEN3.SA
348,2025-05-26 00:00:00-03:00,14.569999694824219,14.640000343322754,14.399999618530273,14.520000457763672,953500,0.0,0.0,TTEN3.SA
349,2025-05-27 00:00:00-03:00,14.670000076293945,14.680000305175781,14.369999885559082,14.520000457763672,1522400,0.0,0.0,TTEN3.SA
350,2025-05-28 00:00:00-03:00,14.59000015258789,14.59000015258789,14.1899995803833,14.449999809265137,1237700,0.0,0.0,TTEN3.SA
351,2025-05-29 00:00:00-03:00,14.4399995803833,14.630000114440918,14.100000381469727,14.369999885559082,1264400,0.0,0.0,TTEN3.SA
352,2025-05-30 00:00:00-03:00,14.289999961853027,14.329999923706055,13.800000190734863,13.949999809265137,2806700,0.0,0.0,TTEN3.SA
353,2025-06-02 00:00:00-03:00,13.949999809265137,14.5,13.949999809265137,14.430000305175781,1693000,0.0,0.0,TTEN3.SA
354,2025-06-03 00:00:00-03:00,14.430000305175781,14.479999542236328,14.220000267028809,14.399999618530273,1140100,0.0,0.0,TTEN3.SA
355,2025-06-04 00:00:00-03:00,14.479999542236328,14.600000381469727,14.029999732971191,14.119999885559082,1194100,0.0,0.0,TTEN3.SA
356,2025-06-05 00:00:00-03:00,14.050000190734863,14.289999961853027,13.90999984741211,14.119999885559082,1224300,0.0,0.0,TTEN3.SA
357,2025-06-06 00:00:00-03:00,14.199999809265137,14.220000267028809,13.930000305175781,14.100000381469727,726500,0.0,0.0,TTEN3.SA
358,2025-06-09 00:00:00-03:00,14.180000305175781,14.4399995803833,13.800000190734863,14.329999923706055,1750900,0.0,0.0,TTEN3.SA
359,2025-06-10 00:00:00-03:00,14.40999984741211,14.770000457763672,14.199999809265137,14.239999771118164,1671600,0.0,0.0,TTEN3.SA
360,2025-06-11 00:00:00-03:00,14.1899995803833,14.25,13.989999771118164,14.1899995803833,1747900,0.0,0.0,TTEN3.SA
361,2025-06-12 00:00:00-03:00,14.010000228881836,14.289999961853027,13.989999771118164,14.289999961853027,1125000,0.0,0.0,TTEN3.SA
362,2025-06-13 00:00:00-03:00,14.329999923706055,14.739999771118164,14.010000228881836,14.5600004196167,1579200,0.0,0.0,TTEN3.SA
363,2025-06-16 00:00:00-03:00,14.6899995803833,14.699999809265137,14.279999732971191,14.630000114440918,1406300,0.0,0.0,TTEN3.SA
364,2025-06-17 00:00:00-03:00,14.699999809265137,14.819999694824219,14.399999618530273,14.6899995803833,1211700,0.0,0.0,TTEN3.SA
365,2025-06-18 00:00:00-03:00,14.529999732971191,14.640000343322754,14.399999618530273,14.510000228881836,1432800,0.0,0.0,TTEN3.SA
366,2025-06-20 00:00:00-03:00,14.220000267028809,14.729999542236328,14.220000267028809,14.460000038146973,15166100,0.0,0.0,TTEN3.SA
367,2025-06-23 00:00:00-03:00,14.460000038146973,14.5600004196167,14.25,14.40999984741211,2238900,0.0,0.0,TTEN3.SA
368,2025-06-24 00:00:00-03:00,14.380000114440918,14.779999732971191,14.380000114440918,14.579999923706055,2420500,0.0,0.0,TTEN3.SA
369,2025-06-25 00:00:00-03:00,14.539999961853027,15.34000015258789,14.449999809265137,14.819999694824219,2556100,0.0,0.0,TTEN3.SA
370,2025-06-26 00:00:00-03:00,14.75,15.550000190734863,14.75,15.4399995803833,1324800,0.0,0.0,TTEN3.SA
371,2025-06-27 00:00:00-03:00,15.279999732971191,15.609999656677246,15.229999542236328,15.239999771118164,1387900,0.0,0.0,TTEN3.SA
372,2025-06-30 00:00:00-03:00,15.34000015258789,15.460000038146973,14.989999771118164,15.109999656677246,2504900,0.0,0.0,TTEN3.SA
373,2025-07-01 00:00:00-03:00,15.149999618530273,15.319999694824219,14.949999809265137,15.109999656677246,1751400,0.0,0.0,TTEN3.SA
374,2025-07-02 00:00:00-03:00,15.100000381469727,15.100000381469727,14.619999885559082,14.8100004196167,1891700,0.0,0.0,TTEN3.SA
375,2025-07-03 00:00:00-03:00,14.8100004196167,15.25,14.739999771118164,15.170000076293945,664600,0.0,0.0,TTEN3.SA
376,2025-07-04 00:00:00-03:00,15.220000267028809,15.390000343322754,15.100000381469727,15.270000457763672,538500,0.0,0.0,TTEN3.SA
377,2025-07-07 00:00:00-03:00,15.3100004196167,15.329999923706055,15.100000381469727,15.210000038146973,604300,0.0,0.0,TTEN3.SA
378,2025-07-08 00:00:00-03:00,15.300000190734863,15.319999694824219,15.050000190734863,15.220000267028809,701300,0.0,0.0,TTEN3.SA
379,2025-07-09 00:00:00-03:00,15.199999809265137,15.229999542236328,14.630000114440918,14.680000305175781,1061400,0.0,0.0,TTEN3.SA
380,2025-07-10 00:00:00-03:00,14.5,14.5600004196167,14.149999618530273,14.25,1819900,0.0,0.0,TTEN3.SA
381,2025-07-11 00:00:00-03:00,14.25,14.319999694824219,14.0,14.050000190734863,756500,0.0,0.0,TTEN3.SA
382,2025-07-14 00:00:00-03:00,14.0,14.020000457763672,13.479999542236328,13.720000267028809,1817300,0.0,0.0,TTEN3.SA
383,2025-07-15 00:00:00-03:00,13.6899995803833,13.8100004196167,13.520000457763672,13.5600004196167,1154800,0.0,0.0,TTEN3.SA
384,2025-07-16 00:00:00-03:00,13.600000381469727,13.600000381469727,13.300000190734863,13.489999771118164,1054200,0.0,0.0,TTEN3.SA
385,2025-07-17 00:00:00-03:00,13.489999771118164,13.670000076293945,13.390000343322754,13.579999923706055,942200,0.0,0.0,TTEN3.SA
386,2025-07-18 00:00:00-03:00,13.510000228881836,13.529999732971191,13.25,13.300000190734863,1482500,0.0,0.0,TTEN3.SA
387,2025-07-21 00:00:00-03:00,13.289999961853027,13.550000190734863,13.220000267028809,13.550000190734863,1162100,0.0,0.0,TTEN3.SA
388,2025-07-22 00:00:00-03:00,13.489999771118164,13.6899995803833,13.460000038146973,13.5,1070700,0.0,0.0,TTEN3.SA
389,2025-07-23 00:00:00-03:00,13.430000305175781,13.720000267028809,13.369999885559082,13.630000114440918,823300,0.0,0.0,TTEN3.SA
390,2025-07-24 00:00:00-03:00,13.630000114440918,13.65999984741211,13.369999885559082,13.529999732971191,846800,0.0,0.0,TTEN3.SA
391,2025-07-25 00:00:00-03:00,13.5,14.180000305175781,13.5,13.979999542236328,1263700,0.0,0.0,TTEN3.SA
392,2025-07-28 00:00:00-03:00,13.90999984741211,14.050000190734863,13.5600004196167,13.649999618530273,938000,0.0,0.0,TTEN3.SA
393,2025-07-29 00:00:00-03:00,13.609999656677246,13.850000381469727,13.529999732971191,13.579999923706055,1032300,0.0,0.0,TTEN3.SA
394,2025-07-30 00:00:00-03:00,13.579999923706055,13.9399995803833,13.539999961853027,13.720000267028809,899900,0.0,0.0,TTEN3.SA
395,2025-07-31 00:00:00-03:00,13.710000038146973,13.899999618530273,13.5,13.630000114440918,1014300,0.0,0.0,TTEN3.SA
396,2025-08-01 00:00:00-03:00,13.699999809265137,13.859999656677246,13.430000305175781,13.600000381469727,1118700,0.0,0.0,TTEN3.SA
397,2025-08-04 00:00:00-03:00,13.619999885559082,13.800000190734863,13.430000305175781,13.550000190734863,1262000,0.0,0.0,TTEN3.SA
398,2025-08-05 00:00:00-03:00,13.619999885559082,13.65999984741211,13.399999618530273,13.59000015258789,712600,0.0,0.0,TTEN3.SA
399,2025-08-06 00:00:00-03:00,13.59000015258789,13.680000305175781,13.3100004196167,13.350000381469727,1777900,0.0,0.0,TTEN3.SA
400,2025-08-07 00:00:00-03:00,13.449999809265137,13.630000114440918,13.039999961853027,13.4399995803833,2400900,0.0,0.0,TTEN3.SA
401,2025-08-08 00:00:00-03:00,13.369999885559082,13.569999694824219,13.210000038146973,13.390000343322754,905000,0.0,0.0,TTEN3.SA
402,2025-08-11 00:00:00-03:00,13.470000267028809,13.479999542236328,13.260000228881836,13.260000228881836,974700,0.0,0.0,TTEN3.SA
403,2025-08-12 00:00:00-03:00,13.270000457763672,13.59000015258789,13.210000038146973,13.4399995803833,1144300,0.0,0.0,TTEN3.SA
404,2025-08-13 00:00:00-03:00,13.369999885559082,13.399999618530273,13.109999656677246,13.220000267028809,1497400,0.0,0.0,TTEN3.SA
405,2025-08-14 00:00:00-03:00,13.289999961853027,13.359999656677246,13.180000305175781,13.25,904600,0.0,0.0,TTEN3.SA
406,2025-08-15 00:00:00-03:00,14.520000457763672,14.75,14.069999694824219,14.229999542236328,3003000,0.0,0.0,TTEN3.SA
407,2025-08-18 00:00:00-03:00,14.229999542236328,14.579999923706055,14.079999923706055,14.40999984741211,1082200,0.0,0.0,TTEN3.SA
408,2025-08-19 00:00:00-03:00,14.329999923706055,14.329999923706055,14.0,14.100000381469727,853900,0.0,0.0,TTEN3.SA
409,2025-08-20 00:00:00-03:00,14.109999656677246,14.260000228881836,13.829999923706055,14.260000228881836,1116800,0.0,0.0,TTEN3.SA
410,2025-08-21 00:00:00-03:00,14.180000305175781,14.279999732971191,13.979999542236328,14.170000076293945,797400,0.0,0.0,TTEN3.SA
411,2025-08-22 00:00:00-03:00,14.199999809265137,14.569999694824219,14.149999618530273,14.449999809265137,877400,0.0,0.0,TTEN3.SA
412,2025-08-25 00:00:00-03:00,14.510000228881836,14.539999961853027,14.329999923706055,14.399999618530273,823200,0.0,0.0,TTEN3.SA
413,2025-08-26 00:00:00-03:00,14.479999542236328,14.5,14.34000015258789,14.40999984741211,447400,0.0,0.0,TTEN3.SA
414,2025-08-27 00:00:00-03:00,14.479999542236328,14.539999961853027,14.270000457763672,14.460000038146973,472900,0.0,0.0,TTEN3.SA
415,2025-08-28 00:00:00-03:00,14.460000038146973,14.850000381469727,14.40999984741211,14.680000305175781,583700,0.0,0.0,TTEN3.SA
416,2025-08-29 00:00:00-03:00,14.760000228881836,14.760000228881836,14.579999923706055,14.630000114440918,544600,0.0,0.0,TTEN3.SA
417,2025-09-01 00:00:00-03:00,14.699999809265137,14.739999771118164,14.369999885559082,14.479999542236328,833100,0.0,0.0,TTEN3.SA
418,2025-09-02 00:00:00-03:00,14.449999809265137,14.449999809265137,14.020000457763672,14.119999885559082,1142700,0.0,0.0,TTEN3.SA
419,2025-09-03 00:00:00-03:00,14.1899995803833,14.229999542236328,14.010000228881836,14.109999656677246,900000,0.0,0.0,TTEN3.SA
420,2025-09-04 00:00:00-03:00,14.109999656677246,14.25,13.949999809265137,14.199999809265137,666100,0.0,0.0,TTEN3.SA
421,2025-09-05 00:00:00-03:00,14.279999732971191,14.539999961853027,14.180000305175781,14.449999809265137,1210300,0.0,0.0,TTEN3.SA
422,2025-09-08 00:00:00-03:00,14.5,14.539999961853027,14.0600004196167,14.149999618530273,1412900,0.0,0.0,TTEN3.SA
423,2025-09-09 00:00:00-03:00,14.300000190734863,14.65999984741211,14.199999809265137,14.460000038146973,1358900,0.0,0.0,TTEN3.SA
424,2025-09-10 00:00:00-03:00,14.5,14.600000381469727,14.229999542236328,14.5,1654700,0.0,0.0,TTEN3.SA
425,2025-09-11 00:00:00-03:00,14.59000015258789,14.640000343322754,14.380000114440918,14.420000076293945,1019600,0.0,0.0,TTEN3.SA
426,2025-09-12 00:00:00-03:00,14.5,14.5,14.25,14.40999984741211,507100,0.0,0.0,TTEN3.SA
427,2025-09-15 00:00:00-03:00,14.40999984741211,14.619999885559082,14.390000343322754,14.569999694824219,696600,0.0,0.0,TTEN3.SA
428,2025-09-16 00:00:00-03:00,14.59000015258789,14.729999542236328,14.300000190734863,14.520000457763672,654700,0.0,0.0,TTEN3.SA
429,2025-09-17 00:00:00-03:00,14.520000457763672,14.720000267028809,14.369999885559082,14.579999923706055,587500,0.0,0.0,TTEN3.SA
430,2025-09-18 00:00:00-03:00,14.550000190734863,14.5600004196167,14.350000381469727,14.350000381469727,811200,0.0,0.0,TTEN3.SA
431,2025-09-19 00:00:00-03:00,14.420000076293945,14.520000457763672,14.229999542236328,14.279999732971191,1550100,0.0,0.0,TTEN3.SA
432,2025-09-22 00:00:00-03:00,14.329999923706055,14.329999923706055,13.770000457763672,13.850000381469727,1785700,0.0,0.0,TTEN3.SA
433,2025-09-23 00:00:00-03:00,13.850000381469727,14.25,13.729999542236328,13.899999618530273,1379000,0.0,0.0,TTEN3.SA
434,2025-09-24 00:00:00-03:00,13.899999618530273,13.960000038146973,13.699999809265137,13.760000228881836,1052000,0.0,0.0,TTEN3.SA
435,2025-09-25 00:00:00-03:00,13.699999809265137,13.960000038146973,13.609999656677246,13.630000114440918,1239000,0.0,0.0,TTEN3.SA
436,2025-09-26 00:00:00-03:00,13.710000038146973,13.960000038146973,13.5600004196167,13.8100004196167,1102900,0.0,0.0,TTEN3.SA
437,2025-09-29 00:00:00-03:00,13.819999694824219,14.09000015258789,13.819999694824219,14.010000228881836,610200,0.0,0.0,TTEN3.SA
438,2025-09-30 00:00:00-03:00,13.920000076293945,14.100000381469727,13.890000343322754,13.979999542236328,778300,0.0,0.0,TTEN3.SA
439,2025-10-01 00:00:00-03:00,13.979999542236328,13.979999542236328,13.779999732971191,13.869999885559082,816000,0.0,0.0,TTEN3.SA
440,2025-10-02 00:00:00-03:00,13.9399995803833,13.9399995803833,13.550000190734863,13.600000381469727,862700,0.0,0.0,TTEN3.SA
441,2025-10-03 00:00:00-03:00,13.670000076293945,13.680000305175781,13.510000228881836,13.579999923706055,507800,0.0,0.0,TTEN3.SA
442,2025-10-06 00:00:00-03:00,13.600000381469727,13.619999885559082,13.359999656677246,13.420000076293945,992100,0.0,0.0,TTEN3.SA
443,2025-10-07 00:00:00-03:00,13.399999618530273,13.449999809265137,13.15999984741211,13.319999694824219,975200,0.0,0.0,TTEN3.SA
444,2025-10-08 00:00:00-03:00,13.350000381469727,13.529999732971191,13.270000457763672,13.4399995803833,620100,0.0,0.0,TTEN3.SA
445,2025-10-09 00:00:00-03:00,13.4399995803833,13.529999732971191,13.25,13.34000015258789,958400,0.0,0.0,TTEN3.SA
446,2025-10-10 00:00:00-03:00,13.470000267028809,14.0,13.470000267028809,13.710000038146973,1699700,0.0,0.0,TTEN3.SA
447,2025-10-13 00:00:00-03:00,13.800000190734863,14.029999732971191,13.680000305175781,13.680000305175781,674000,0.0,0.0,TTEN3.SA
448,2025-10-14 00:00:00-03:00,13.670000076293945,13.819999694824219,13.529999732971191,13.75,1126100,0.0,0.0,TTEN3.SA
449,2025-10-15 00:00:00-03:00,13.699999809265137,14.09000015258789,13.569999694824219,14.069999694824219,1675600,0.0,0.0,TTEN3.SA
450,2025-10-16 00:00:00-03:00,14.100000381469727,14.550000190734863,14.0600004196167,14.289999961853027,1345800,0.0,0.0,TTEN3.SA
451,2025-10-17 00:00:00-03:00,14.260000228881836,14.529999732971191,14.079999923706055,14.289999961853027,1218200,0.0,0.0,TTEN3.SA
452,2025-10-20 00:00:00-03:00,14.270000457763672,14.399999618530273,14.170000076293945,14.170000076293945,565800,0.0,0.0,TTEN3.SA
453,2025-10-21 00:00:00-03:00,14.180000305175781,14.270000457763672,13.989999771118164,14.130000114440918,589000,0.0,0.0,TTEN3.SA
454,2025-10-22 00:00:00-03:00,14.039999961853027,14.3100004196167,13.989999771118164,14.130000114440918,751300,0.0,0.0,TTEN3.SA
455,2025-10-23 00:00:00-03:00,14.210000038146973,14.3100004196167,14.15999984741211,14.300000190734863,936100,0.0,0.0,TTEN3.SA
456,2025-10-24 00:00:00-03:00,14.350000381469727,14.600000381469727,14.350000381469727,14.510000228881836,1287800,0.0,0.0,TTEN3.SA
457,2025-10-27 00:00:00-03:00,14.550000190734863,14.619999885559082,14.300000190734863,14.399999618530273,711500,0.0,0.0,TTEN3.SA
458,2025-10-28 00:00:00-03:00,14.680000305175781,15.529999732971191,14.600000381469727,15.380000114440918,2557200,0.0,0.0,TTEN3.SA
459,2025-10-29 00:00:00-03:00,15.380000114440918,15.729999542236328,15.350000381469727,15.619999885559082,1707600,0.0,0.0,TTEN3.SA
460,2025-10-30 00:00:00-03:00,15.539999961853027,15.890000343322754,15.510000228881836,15.880000114440918,691100,0.0,0.0,TTEN3.SA
461,2025-10-31 00:00:00-03:00,15.880000114440918,16.079999923706055,15.800000190734863,16.010000228881836,1088700,0.0,0.0,TTEN3.SA
462,2025-11-03 00:00:00-03:00,16.010000228881836,16.100000381469727,15.75,15.90999984741211,1280300,0.0,0.0,TTEN3.SA
463,2025-11-04 00:00:00-03:00,15.989999771118164,16.18000030517578,15.880000114440918,16.15999984741211,1633100,0.0,0.0,TTEN3.SA
0,2024-01-02 00:00:00-03:00,18.200000762939453,18.200000762939453,17.200000762939453,17.399999618530273,359765,0.0,0.0,AERI3.SA
1,2024-01-03 00:00:00-03:00,17.200000762939453,17.600000381469727,17.0,17.399999618530273,148130,0.0,0.0,AERI3.SA
2,2024-01-04 00:00:00-03:00,17.399999618530273,17.600000381469727,17.0,17.0,126165,0.0,0.0,AERI3.SA
3,2024-01-05 00:00:00-03:00,17.0,17.600000381469727,16.799999237060547,16.799999237060547,415320,0.0,0.0,AERI3.SA
4,2024-01-08 00:00:00-03:00,16.799999237060547,17.200000762939453,16.600000381469727,17.0,144600,0.0,0.0,AERI3.SA
5,2024-01-09 00:00:00-03:00,18.799999237060547,20.399999618530273,17.799999237060547,18.0,1445540,0.0,0.0,AERI3.SA
6,2024-01-10 00:00:00-03:00,18.399999618530273,18.600000381469727,17.799999237060547,18.0,404395,0.0,0.0,AERI3.SA
7,2024-01-11 00:00:00-03:00,17.799999237060547,18.0,17.200000762939453,17.600000381469727,190645,0.0,0.0,AERI3.SA
8,2024-01-12 00:00:00-03:00,17.399999618530273,18.200000762939453,17.399999618530273,17.799999237060547,263650,0.0,0.0,AERI3.SA
9,2024-01-15 00:00:00-03:00,17.799999237060547,17.799999237060547,17.399999618530273,17.399999618530273,167770,0.0,0.0,AERI3.SA
10,2024-01-16 00:00:00-03:00,17.600000381469727,17.600000381469727,16.600000381469727,16.799999237060547,355310,0.0,0.0,AERI3.SA
11,2024-01-17 00:00:00-03:00,16.799999237060547,16.799999237060547,16.399999618530273,16.399999618530273,161440,0.0,0.0,AERI3.SA
12,2024-01-18 00:00:00-03:00,16.600000381469727,17.0,16.399999618530273,16.399999618530273,188495,0.0,0.0,AERI3.SA
13,2024-01-19 00:00:00-03:00,16.399999618530273,16.600000381469727,16.200000762939453,16.600000381469727,114365,0.0,0.0,AERI3.SA
14,2024-01-22 00:00:00-03:00,16.600000381469727,16.799999237060547,16.0,16.200000762939453,206215,0.0,0.0,AERI3.SA
15,2024-01-23 00:00:00-03:00,16.399999618530273,16.799999237060547,16.200000762939453,16.399999618530273,293900,0.0,0.0,AERI3.SA
16,2024-01-24 00:00:00-03:00,16.600000381469727,16.799999237060547,15.800000190734863,15.800000190734863,365335,0.0,0.0,AERI3.SA
17,2024-01-25 00:00:00-03:00,16.0,16.200000762939453,15.800000190734863,16.0,210825,0.0,0.0,AERI3.SA
18,2024-01-26 00:00:00-03:00,16.0,16.200000762939453,15.800000190734863,15.800000190734863,160550,0.0,0.0,AERI3.SA
19,2024-01-29 00:00:00-03:00,15.800000190734863,16.0,15.600000381469727,15.800000190734863,167930,0.0,0.0,AERI3.SA
20,2024-01-30 00:00:00-03:00,15.800000190734863,16.0,15.399999618530273,15.800000190734863,214570,0.0,0.0,AERI3.SA
21,2024-01-31 00:00:00-03:00,16.0,16.200000762939453,15.600000381469727,15.600000381469727,139635,0.0,0.0,AERI3.SA
22,2024-02-01 00:00:00-03:00,15.800000190734863,16.0,15.600000381469727,15.600000381469727,153790,0.0,0.0,AERI3.SA
23,2024-02-02 00:00:00-03:00,15.600000381469727,15.800000190734863,15.399999618530273,15.800000190734863,140260,0.0,0.0,AERI3.SA
24,2024-02-05 00:00:00-03:00,15.600000381469727,15.800000190734863,15.399999618530273,15.399999618530273,135610,0.0,0.0,AERI3.SA
25,2024-02-06 00:00:00-03:00,15.399999618530273,15.800000190734863,15.399999618530273,15.600000381469727,112770,0.0,0.0,AERI3.SA
26,2024-02-07 00:00:00-03:00,15.399999618530273,15.600000381469727,15.199999809265137,15.199999809265137,172150,0.0,0.0,AERI3.SA
27,2024-02-08 00:00:00-03:00,15.399999618530273,15.399999618530273,15.0,15.199999809265137,183845,0.0,0.0,AERI3.SA
28,2024-02-09 00:00:00-03:00,15.399999618530273,15.399999618530273,15.199999809265137,15.399999618530273,105590,0.0,0.0,AERI3.SA
29,2024-02-14 00:00:00-03:00,15.399999618530273,15.399999618530273,15.0,15.0,125435,0.0,0.0,AERI3.SA
30,2024-02-15 00:00:00-03:00,15.0,15.199999809265137,15.0,15.199999809265137,86060,0.0,0.0,AERI3.SA
31,2024-02-16 00:00:00-03:00,15.199999809265137,15.399999618530273,15.199999809265137,15.199999809265137,131515,0.0,0.0,AERI3.SA
32,2024-02-19 00:00:00-03:00,15.399999618530273,16.0,15.199999809265137,16.0,339730,0.0,0.0,AERI3.SA
33,2024-02-20 00:00:00-03:00,15.800000190734863,16.0,15.399999618530273,15.600000381469727,116860,0.0,0.0,AERI3.SA
34,2024-02-21 00:00:00-03:00,15.600000381469727,15.800000190734863,15.199999809265137,15.399999618530273,165255,0.0,0.0,AERI3.SA
35,2024-02-22 00:00:00-03:00,15.399999618530273,15.600000381469727,15.0,15.199999809265137,233970,0.0,0.0,AERI3.SA
36,2024-02-23 00:00:00-03:00,15.199999809265137,15.399999618530273,14.199999809265137,14.800000190734863,418965,0.0,0.0,AERI3.SA
37,2024-02-26 00:00:00-03:00,14.600000381469727,14.800000190734863,13.0,13.199999809265137,851195,0.0,0.0,AERI3.SA
38,2024-02-27 00:00:00-03:00,13.399999618530273,13.399999618530273,12.399999618530273,13.199999809265137,435535,0.0,0.0,AERI3.SA
39,2024-02-28 00:00:00-03:00,12.800000190734863,14.0,12.800000190734863,13.600000381469727,294585,0.0,0.0,AERI3.SA
40,2024-02-29 00:00:00-03:00,13.600000381469727,14.0,13.199999809265137,13.399999618530273,215235,0.0,0.0,AERI3.SA
41,2024-03-01 00:00:00-03:00,13.399999618530273,13.600000381469727,13.199999809265137,13.199999809265137,110605,0.0,0.0,AERI3.SA
42,2024-03-04 00:00:00-03:00,13.199999809265137,13.600000381469727,13.199999809265137,13.600000381469727,91975,0.0,0.0,AERI3.SA
43,2024-03-05 00:00:00-03:00,13.600000381469727,13.800000190734863,13.199999809265137,13.399999618530273,132235,0.0,0.0,AERI3.SA
44,2024-03-06 00:00:00-03:00,13.399999618530273,13.600000381469727,13.199999809265137,13.399999618530273,66440,0.0,0.0,AERI3.SA
45,2024-03-07 00:00:00-03:00,13.399999618530273,13.399999618530273,13.199999809265137,13.399999618530273,70745,0.0,0.0,AERI3.SA
46,2024-03-08 00:00:00-03:00,13.199999809265137,13.399999618530273,13.0,13.199999809265137,92345,0.0,0.0,AERI3.SA
47,2024-03-11 00:00:00-03:00,13.199999809265137,13.399999618530273,13.0,13.0,73920,0.0,0.0,AERI3.SA
48,2024-03-12 00:00:00-03:00,13.0,13.0,12.0,12.399999618530273,332310,0.0,0.0,AERI3.SA
49,2024-03-13 00:00:00-03:00,12.399999618530273,12.399999618530273,11.600000381469727,11.800000190734863,384910,0.0,0.0,AERI3.SA
50,2024-03-14 00:00:00-03:00,11.800000190734863,12.0,11.600000381469727,11.800000190734863,186760,0.0,0.0,AERI3.SA
51,2024-03-15 00:00:00-03:00,11.800000190734863,12.0,11.0,11.0,232865,0.0,0.0,AERI3.SA
52,2024-03-18 00:00:00-03:00,11.199999809265137,11.399999618530273,11.0,11.199999809265137,111305,0.0,0.0,AERI3.SA
53,2024-03-19 00:00:00-03:00,11.199999809265137,11.399999618530273,11.0,11.199999809265137,113070,0.0,0.0,AERI3.SA
54,2024-03-20 00:00:00-03:00,11.0,11.199999809265137,11.0,11.199999809265137,91405,0.0,0.0,AERI3.SA
55,2024-03-21 00:00:00-03:00,11.199999809265137,11.399999618530273,11.0,11.399999618530273,116195,0.0,0.0,AERI3.SA
56,2024-03-22 00:00:00-03:00,11.399999618530273,11.399999618530273,11.0,11.199999809265137,75745,0.0,0.0,AERI3.SA
57,2024-03-25 00:00:00-03:00,11.199999809265137,11.199999809265137,11.0,11.0,70460,0.0,0.0,AERI3.SA
58,2024-03-26 00:00:00-03:00,11.0,11.199999809265137,11.0,11.0,74150,0.0,0.0,AERI3.SA
59,2024-03-27 00:00:00-03:00,11.0,11.199999809265137,11.0,11.199999809265137,112545,0.0,0.0,AERI3.SA
60,2024-03-28 00:00:00-03:00,11.0,11.199999809265137,11.0,11.199999809265137,87290,0.0,0.0,AERI3.SA
61,2024-04-01 00:00:00-03:00,11.199999809265137,11.199999809265137,11.0,11.0,104785,0.0,0.0,AERI3.SA
62,2024-04-02 00:00:00-03:00,11.199999809265137,12.399999618530273,11.0,12.399999618530273,255775,0.0,0.0,AERI3.SA
63,2024-04-03 00:00:00-03:00,12.600000381469727,13.600000381469727,11.600000381469727,12.600000381469727,437830,0.0,0.0,AERI3.SA
64,2024-04-04 00:00:00-03:00,12.800000190734863,13.199999809265137,11.800000190734863,12.600000381469727,143435,0.0,0.0,AERI3.SA
65,2024-04-05 00:00:00-03:00,12.399999618530273,12.600000381469727,12.199999809265137,12.399999618530273,72345,0.0,0.0,AERI3.SA
66,2024-04-08 00:00:00-03:00,12.600000381469727,12.800000190734863,12.199999809265137,12.399999618530273,70050,0.0,0.0,AERI3.SA
67,2024-04-09 00:00:00-03:00,12.199999809265137,12.600000381469727,12.199999809265137,12.399999618530273,61635,0.0,0.0,AERI3.SA
68,2024-04-10 00:00:00-03:00,12.399999618530273,12.399999618530273,12.0,12.0,76365,0.0,0.0,AERI3.SA
69,2024-04-11 00:00:00-03:00,12.0,12.399999618530273,12.0,12.399999618530273,72620,0.0,0.0,AERI3.SA
70,2024-04-12 00:00:00-03:00,12.399999618530273,12.399999618530273,11.600000381469727,11.800000190734863,165190,0.0,0.0,AERI3.SA
71,2024-04-15 00:00:00-03:00,12.0,12.0,11.399999618530273,11.600000381469727,88260,0.0,0.0,AERI3.SA
72,2024-04-16 00:00:00-03:00,11.800000190734863,11.800000190734863,11.199999809265137,11.199999809265137,126775,0.0,0.0,AERI3.SA
73,2024-04-17 00:00:00-03:00,11.199999809265137,11.600000381469727,11.199999809265137,11.399999618530273,71270,0.0,0.0,AERI3.SA
74,2024-04-18 00:00:00-03:00,11.199999809265137,11.399999618530273,11.0,11.0,88735,0.0,0.0,AERI3.SA
75,2024-04-19 00:00:00-03:00,11.0,11.399999618530273,11.0,11.399999618530273,45610,0.0,0.0,AERI3.SA
76,2024-04-22 00:00:00-03:00,11.399999618530273,12.0,11.199999809265137,11.399999618530273,147440,0.0,0.0,AERI3.SA
77,2024-04-23 00:00:00-03:00,11.600000381469727,11.600000381469727,11.199999809265137,11.399999618530273,76830,0.0,0.0,AERI3.SA
78,2024-04-24 00:00:00-03:00,11.399999618530273,11.399999618530273,11.199999809265137,11.199999809265137,65875,0.0,0.0,AERI3.SA
79,2024-04-25 00:00:00-03:00,11.399999618530273,11.399999618530273,11.0,11.0,95235,0.0,0.0,AERI3.SA
80,2024-04-26 00:00:00-03:00,11.0,11.800000190734863,11.0,11.399999618530273,109960,0.0,0.0,AERI3.SA
81,2024-04-29 00:00:00-03:00,11.399999618530273,11.600000381469727,11.199999809265137,11.399999618530273,79775,0.0,0.0,AERI3.SA
82,2024-04-30 00:00:00-03:00,11.399999618530273,11.399999618530273,11.199999809265137,11.199999809265137,80935,0.0,0.0,AERI3.SA
83,2024-05-02 00:00:00-03:00,11.399999618530273,11.399999618530273,11.0,11.199999809265137,108200,0.0,0.0,AERI3.SA
84,2024-05-03 00:00:00-03:00,11.199999809265137,11.399999618530273,11.199999809265137,11.399999618530273,98175,0.0,0.0,AERI3.SA
85,2024-05-06 00:00:00-03:00,11.399999618530273,11.399999618530273,11.0,11.199999809265137,162945,0.0,0.0,AERI3.SA
86,2024-05-07 00:00:00-03:00,11.199999809265137,11.399999618530273,11.199999809265137,11.199999809265137,44000,0.0,0.0,AERI3.SA
87,2024-05-08 00:00:00-03:00,11.199999809265137,11.199999809265137,11.0,11.0,65695,0.0,0.0,AERI3.SA
88,2024-05-09 00:00:00-03:00,11.0,11.199999809265137,10.800000190734863,11.199999809265137,92465,0.0,0.0,AERI3.SA
89,2024-05-10 00:00:00-03:00,11.199999809265137,11.199999809265137,10.800000190734863,11.0,93895,0.0,0.0,AERI3.SA
90,2024-05-13 00:00:00-03:00,11.0,11.199999809265137,10.800000190734863,10.800000190734863,178335,0.0,0.0,AERI3.SA
91,2024-05-14 00:00:00-03:00,10.260000228881836,10.369999885559082,9.489999771118164,9.949999809265137,744000,0.0,0.05,AERI3.SA
92,2024-05-15 00:00:00-03:00,9.460000038146973,9.6899995803833,9.270000457763672,9.270000457763672,582400,0.0,0.0,AERI3.SA
93,2024-05-16 00:00:00-03:00,9.270000457763672,9.399999618530273,8.90999984741211,9.289999961853027,462800,0.0,0.0,AERI3.SA
94,2024-05-17 00:00:00-03:00,9.149999618530273,10.220000267028809,9.050000190734863,10.220000267028809,458700,0.0,0.0,AERI3.SA
95,2024-05-20 00:00:00-03:00,10.15999984741211,10.199999809265137,9.739999771118164,9.739999771118164,117000,0.0,0.0,AERI3.SA
96,2024-05-21 00:00:00-03:00,9.720000267028809,9.720000267028809,9.430000305175781,9.430000305175781,106000,0.0,0.0,AERI3.SA
97,2024-05-22 00:00:00-03:00,9.399999618530273,9.399999618530273,8.9399995803833,9.020000457763672,223700,0.0,0.0,AERI3.SA
98,2024-05-23 00:00:00-03:00,9.020000457763672,9.09000015258789,8.899999618530273,8.9399995803833,72000,0.0,0.0,AERI3.SA
99,2024-05-24 00:00:00-03:00,8.9399995803833,9.010000228881836,8.899999618530273,8.930000305175781,65400,0.0,0.0,AERI3.SA
100,2024-05-27 00:00:00-03:00,8.930000305175781,9.0,8.420000076293945,8.430000305175781,188300,0.0,0.0,AERI3.SA
101,2024-05-28 00:00:00-03:00,8.489999771118164,8.619999885559082,7.949999809265137,8.15999984741211,382700,0.0,0.0,AERI3.SA
102,2024-05-29 00:00:00-03:00,8.029999732971191,8.449999809265137,7.880000114440918,8.3100004196167,210800,0.0,0.0,AERI3.SA
103,2024-05-31 00:00:00-03:00,8.239999771118164,8.369999885559082,8.09000015258789,8.140000343322754,126200,0.0,0.0,AERI3.SA
104,2024-06-03 00:00:00-03:00,8.100000381469727,8.420000076293945,8.020000457763672,8.1899995803833,202700,0.0,0.0,AERI3.SA
105,2024-06-04 00:00:00-03:00,8.109999656677246,8.199999809265137,7.75,7.75,260300,0.0,0.0,AERI3.SA
106,2024-06-05 00:00:00-03:00,7.730000019073486,7.730000019073486,7.130000114440918,7.320000171661377,388600,0.0,0.0,AERI3.SA
107,2024-06-06 00:00:00-03:00,7.289999961853027,7.550000190734863,7.21999979019165,7.369999885559082,280600,0.0,0.0,AERI3.SA
108,2024-06-07 00:00:00-03:00,7.309999942779541,7.340000152587891,6.849999904632568,6.849999904632568,263300,0.0,0.0,AERI3.SA
109,2024-06-10 00:00:00-03:00,6.860000133514404,6.860000133514404,6.309999942779541,6.400000095367432,265500,0.0,0.0,AERI3.SA
110,2024-06-11 00:00:00-03:00,6.400000095367432,6.630000114440918,6.28000020980835,6.5,321900,0.0,0.0,AERI3.SA
111,2024-06-12 00:00:00-03:00,6.369999885559082,6.579999923706055,6.289999961853027,6.5,136200,0.0,0.0,AERI3.SA
112,2024-06-13 00:00:00-03:00,6.46999979019165,6.590000152587891,6.400000095367432,6.400000095367432,202200,0.0,0.0,AERI3.SA
113,2024-06-14 00:00:00-03:00,6.400000095367432,6.53000020980835,6.329999923706055,6.329999923706055,150800,0.0,0.0,AERI3.SA
114,2024-06-17 00:00:00-03:00,6.309999942779541,6.329999923706055,5.809999942779541,5.809999942779541,322400,0.0,0.0,AERI3.SA
115,2024-06-18 00:00:00-03:00,5.75,5.78000020980835,5.300000190734863,5.329999923706055,251100,0.0,0.0,AERI3.SA
116,2024-06-19 00:00:00-03:00,5.329999923706055,5.579999923706055,5.28000020980835,5.400000095367432,283800,0.0,0.0,AERI3.SA
117,2024-06-20 00:00:00-03:00,5.449999809265137,5.610000133514404,5.159999847412109,5.159999847412109,245200,0.0,0.0,AERI3.SA
118,2024-06-21 00:00:00-03:00,5.119999885559082,5.380000114440918,5.119999885559082,5.210000038146973,371400,0.0,0.0,AERI3.SA
119,2024-06-24 00:00:00-03:00,5.320000171661377,5.789999961853027,5.320000171661377,5.590000152587891,329200,0.0,0.0,AERI3.SA
120,2024-06-25 00:00:00-03:00,5.570000171661377,5.630000114440918,5.159999847412109,5.159999847412109,250200,0.0,0.0,AERI3.SA
121,2024-06-26 00:00:00-03:00,5.159999847412109,5.199999809265137,5.03000020980835,5.090000152587891,186300,0.0,0.0,AERI3.SA
122,2024-06-27 00:00:00-03:00,5.130000114440918,5.260000228881836,5.079999923706055,5.260000228881836,186100,0.0,0.0,AERI3.SA
123,2024-06-28 00:00:00-03:00,5.28000020980835,5.320000171661377,5.079999923706055,5.099999904632568,144000,0.0,0.0,AERI3.SA
124,2024-07-01 00:00:00-03:00,5.099999904632568,5.239999771118164,5.050000190734863,5.170000076293945,145500,0.0,0.0,AERI3.SA
125,2024-07-02 00:00:00-03:00,5.119999885559082,5.389999866485596,5.079999923706055,5.349999904632568,213600,0.0,0.0,AERI3.SA
126,2024-07-03 00:00:00-03:00,5.349999904632568,6.130000114440918,5.349999904632568,5.659999847412109,677000,0.0,0.0,AERI3.SA
127,2024-07-04 00:00:00-03:00,5.75,5.809999942779541,5.539999961853027,5.800000190734863,285100,0.0,0.0,AERI3.SA
128,2024-07-05 00:00:00-03:00,5.829999923706055,6.099999904632568,5.619999885559082,6.099999904632568,303400,0.0,0.0,AERI3.SA
129,2024-07-08 00:00:00-03:00,6.070000171661377,6.619999885559082,5.889999866485596,6.360000133514404,465100,0.0,0.0,AERI3.SA
130,2024-07-09 00:00:00-03:00,6.269999980926514,6.489999771118164,6.230000019073486,6.489999771118164,177600,0.0,0.0,AERI3.SA
131,2024-07-10 00:00:00-03:00,6.369999885559082,6.96999979019165,6.369999885559082,6.849999904632568,455600,0.0,0.0,AERI3.SA
132,2024-07-11 00:00:00-03:00,6.929999828338623,6.929999828338623,6.659999847412109,6.710000038146973,149600,0.0,0.0,AERI3.SA
133,2024-07-12 00:00:00-03:00,6.75,6.900000095367432,6.650000095367432,6.699999809265137,94100,0.0,0.0,AERI3.SA
134,2024-07-15 00:00:00-03:00,6.679999828338623,7.0,6.610000133514404,6.929999828338623,221100,0.0,0.0,AERI3.SA
135,2024-07-16 00:00:00-03:00,6.940000057220459,7.159999847412109,6.789999961853027,6.889999866485596,168500,0.0,0.0,AERI3.SA
136,2024-07-17 00:00:00-03:00,6.760000228881836,7.0,6.619999885559082,6.619999885559082,115200,0.0,0.0,AERI3.SA
137,2024-07-18 00:00:00-03:00,6.619999885559082,6.769999980926514,6.059999942779541,6.090000152587891,230000,0.0,0.0,AERI3.SA
138,2024-07-19 00:00:00-03:00,6.369999885559082,6.369999885559082,5.760000228881836,5.860000133514404,187500,0.0,0.0,AERI3.SA
139,2024-07-22 00:00:00-03:00,5.880000114440918,6.019999980926514,5.789999961853027,5.789999961853027,86700,0.0,0.0,AERI3.SA
140,2024-07-23 00:00:00-03:00,5.889999866485596,5.889999866485596,5.650000095367432,5.710000038146973,98000,0.0,0.0,AERI3.SA
141,2024-07-24 00:00:00-03:00,5.71999979019165,5.769999980926514,5.610000133514404,5.610000133514404,140400,0.0,0.0,AERI3.SA
142,2024-07-25 00:00:00-03:00,5.590000152587891,5.690000057220459,5.590000152587891,5.630000114440918,69300,0.0,0.0,AERI3.SA
143,2024-07-26 00:00:00-03:00,5.659999847412109,6.119999885559082,5.610000133514404,5.980000019073486,264900,0.0,0.0,AERI3.SA
144,2024-07-29 00:00:00-03:00,5.869999885559082,6.0,5.539999961853027,5.539999961853027,197900,0.0,0.0,AERI3.SA
145,2024-07-30 00:00:00-03:00,5.539999961853027,5.599999904632568,5.449999809265137,5.449999809265137,119500,0.0,0.0,AERI3.SA
146,2024-07-31 00:00:00-03:00,5.510000228881836,5.599999904632568,5.340000152587891,5.340000152587891,121800,0.0,0.0,AERI3.SA
147,2024-08-01 00:00:00-03:00,5.349999904632568,5.519999980926514,5.260000228881836,5.269999980926514,109300,0.0,0.0,AERI3.SA
148,2024-08-02 00:00:00-03:00,5.260000228881836,5.429999828338623,5.159999847412109,5.28000020980835,128600,0.0,0.0,AERI3.SA
149,2024-08-05 00:00:00-03:00,5.150000095367432,5.369999885559082,5.079999923706055,5.329999923706055,127600,0.0,0.0,AERI3.SA
150,2024-08-06 00:00:00-03:00,5.360000133514404,5.519999980926514,5.230000019073486,5.380000114440918,113500,0.0,0.0,AERI3.SA
151,2024-08-07 00:00:00-03:00,5.380000114440918,6.199999809265137,5.380000114440918,6.199999809265137,334100,0.0,0.0,AERI3.SA
152,2024-08-08 00:00:00-03:00,6.070000171661377,6.480000019073486,6.0,6.429999828338623,200800,0.0,0.0,AERI3.SA
153,2024-08-09 00:00:00-03:00,6.380000114440918,6.699999809265137,6.21999979019165,6.289999961853027,150600,0.0,0.0,AERI3.SA
154,2024-08-12 00:00:00-03:00,6.309999942779541,7.059999942779541,6.309999942779541,6.940000057220459,412200,0.0,0.0,AERI3.SA
155,2024-08-13 00:00:00-03:00,7.0,8.670000076293945,7.0,8.380000114440918,1116000,0.0,0.0,AERI3.SA
156,2024-08-14 00:00:00-03:00,8.5,8.920000076293945,7.96999979019165,8.8100004196167,841900,0.0,0.0,AERI3.SA
157,2024-08-15 00:00:00-03:00,8.920000076293945,10.600000381469727,8.75,10.1899995803833,1123700,0.0,0.0,AERI3.SA
158,2024-08-16 00:00:00-03:00,10.289999961853027,10.380000114440918,9.130000114440918,9.600000381469727,622500,0.0,0.0,AERI3.SA
159,2024-08-19 00:00:00-03:00,9.829999923706055,9.989999771118164,8.979999542236328,9.369999885559082,410400,0.0,0.0,AERI3.SA
160,2024-08-20 00:00:00-03:00,9.399999618530273,9.470000267028809,9.0600004196167,9.289999961853027,314200,0.0,0.0,AERI3.SA
161,2024-08-21 00:00:00-03:00,9.390000343322754,9.779999732971191,9.130000114440918,9.229999542236328,181500,0.0,0.0,AERI3.SA
162,2024-08-22 00:00:00-03:00,9.350000381469727,9.350000381469727,8.109999656677246,8.109999656677246,387300,0.0,0.0,AERI3.SA
163,2024-08-23 00:00:00-03:00,8.15999984741211,9.34000015258789,8.15999984741211,8.899999618530273,423500,0.0,0.0,AERI3.SA
164,2024-08-26 00:00:00-03:00,8.930000305175781,9.5,8.65999984741211,8.760000228881836,498500,0.0,0.0,AERI3.SA
165,2024-08-27 00:00:00-03:00,8.84000015258789,10.069999694824219,8.770000457763672,9.960000038146973,505600,0.0,0.0,AERI3.SA
166,2024-08-28 00:00:00-03:00,9.859999656677246,10.520000457763672,9.630000114440918,10.300000190734863,490900,0.0,0.0,AERI3.SA
167,2024-08-29 00:00:00-03:00,10.279999732971191,10.359999656677246,9.800000190734863,10.069999694824219,329300,0.0,0.0,AERI3.SA
168,2024-08-30 00:00:00-03:00,10.279999732971191,12.100000381469727,9.949999809265137,12.100000381469727,1664400,0.0,0.0,AERI3.SA
169,2024-09-02 00:00:00-03:00,12.399999618530273,12.399999618530273,11.0,11.380000114440918,907300,0.0,0.0,AERI3.SA
170,2024-09-03 00:00:00-03:00,11.380000114440918,11.869999885559082,10.300000190734863,10.550000190734863,606600,0.0,0.0,AERI3.SA
171,2024-09-04 00:00:00-03:00,10.550000190734863,11.0,10.399999618530273,10.6899995803833,276400,0.0,0.0,AERI3.SA
172,2024-09-05 00:00:00-03:00,10.899999618530273,10.899999618530273,9.5,9.5,694800,0.0,0.0,AERI3.SA
173,2024-09-06 00:00:00-03:00,9.5,9.800000190734863,9.220000267028809,9.329999923706055,288800,0.0,0.0,AERI3.SA
174,2024-09-09 00:00:00-03:00,9.359999656677246,9.8100004196167,8.770000457763672,8.800000190734863,427900,0.0,0.0,AERI3.SA
175,2024-09-10 00:00:00-03:00,8.800000190734863,9.010000228881836,8.40999984741211,8.609999656677246,314600,0.0,0.0,AERI3.SA
176,2024-09-11 00:00:00-03:00,8.640000343322754,8.770000457763672,8.359999656677246,8.529999732971191,241500,0.0,0.0,AERI3.SA
177,2024-09-12 00:00:00-03:00,8.5600004196167,8.800000190734863,8.399999618530273,8.399999618530273,152700,0.0,0.0,AERI3.SA
178,2024-09-13 00:00:00-03:00,8.449999809265137,8.949999809265137,8.449999809265137,8.609999656677246,237000,0.0,0.0,AERI3.SA
179,2024-09-16 00:00:00-03:00,8.789999961853027,8.789999961853027,8.260000228881836,8.449999809265137,217900,0.0,0.0,AERI3.SA
180,2024-09-17 00:00:00-03:00,8.4399995803833,8.479999542236328,8.199999809265137,8.199999809265137,183400,0.0,0.0,AERI3.SA
181,2024-09-18 00:00:00-03:00,8.229999542236328,8.319999694824219,7.980000019073486,8.140000343322754,284300,0.0,0.0,AERI3.SA
182,2024-09-19 00:00:00-03:00,8.220000267028809,8.220000267028809,7.28000020980835,7.28000020980835,588300,0.0,0.0,AERI3.SA
183,2024-09-20 00:00:00-03:00,7.28000020980835,7.579999923706055,6.860000133514404,7.050000190734863,681600,0.0,0.0,AERI3.SA
184,2024-09-23 00:00:00-03:00,7.050000190734863,7.190000057220459,6.380000114440918,6.400000095367432,531300,0.0,0.0,AERI3.SA
185,2024-09-24 00:00:00-03:00,6.489999771118164,6.880000114440918,6.059999942779541,6.099999904632568,700800,0.0,0.0,AERI3.SA
186,2024-09-25 00:00:00-03:00,6.059999942779541,6.199999809265137,5.78000020980835,5.989999771118164,408200,0.0,0.0,AERI3.SA
187,2024-09-26 00:00:00-03:00,6.139999866485596,6.150000095367432,5.860000133514404,6.010000228881836,256400,0.0,0.0,AERI3.SA
188,2024-09-27 00:00:00-03:00,6.119999885559082,6.619999885559082,6.03000020980835,6.369999885559082,464200,0.0,0.0,AERI3.SA
189,2024-09-30 00:00:00-03:00,6.349999904632568,6.360000133514404,5.920000076293945,6.139999866485596,348300,0.0,0.0,AERI3.SA
190,2024-10-01 00:00:00-03:00,6.139999866485596,6.239999771118164,5.949999809265137,6.050000190734863,255300,0.0,0.0,AERI3.SA
191,2024-10-02 00:00:00-03:00,6.099999904632568,6.429999828338623,6.099999904632568,6.320000171661377,285300,0.0,0.0,AERI3.SA
192,2024-10-03 00:00:00-03:00,6.150000095367432,6.380000114440918,6.099999904632568,6.119999885559082,161400,0.0,0.0,AERI3.SA
193,2024-10-04 00:00:00-03:00,6.099999904632568,6.360000133514404,6.010000228881836,6.309999942779541,271400,0.0,0.0,AERI3.SA
194,2024-10-07 00:00:00-03:00,6.309999942779541,6.710000038146973,6.199999809265137,6.25,348800,0.0,0.0,AERI3.SA
195,2024-10-08 00:00:00-03:00,6.309999942779541,6.5,6.199999809265137,6.300000190734863,202500,0.0,0.0,AERI3.SA
196,2024-10-09 00:00:00-03:00,6.380000114440918,6.449999809265137,6.170000076293945,6.21999979019165,155500,0.0,0.0,AERI3.SA
197,2024-10-10 00:00:00-03:00,6.320000171661377,6.389999866485596,6.25,6.349999904632568,119400,0.0,0.0,AERI3.SA
198,2024-10-11 00:00:00-03:00,6.269999980926514,6.309999942779541,6.150000095367432,6.269999980926514,96000,0.0,0.0,AERI3.SA
199,2024-10-14 00:00:00-03:00,6.190000057220459,6.630000114440918,6.159999847412109,6.460000038146973,327000,0.0,0.0,AERI3.SA
200,2024-10-15 00:00:00-03:00,6.449999809265137,6.550000190734863,6.269999980926514,6.380000114440918,121600,0.0,0.0,AERI3.SA
201,2024-10-16 00:00:00-03:00,6.360000133514404,6.539999961853027,6.289999961853027,6.389999866485596,227200,0.0,0.0,AERI3.SA
202,2024-10-17 00:00:00-03:00,6.460000038146973,6.460000038146973,6.25,6.400000095367432,105800,0.0,0.0,AERI3.SA
203,2024-10-18 00:00:00-03:00,6.460000038146973,6.53000020980835,6.199999809265137,6.199999809265137,108400,0.0,0.0,AERI3.SA
204,2024-10-21 00:00:00-03:00,6.260000228881836,6.440000057220459,6.210000038146973,6.380000114440918,83500,0.0,0.0,AERI3.SA
205,2024-10-22 00:00:00-03:00,6.360000133514404,6.489999771118164,6.159999847412109,6.340000152587891,177500,0.0,0.0,AERI3.SA
206,2024-10-23 00:00:00-03:00,6.269999980926514,6.360000133514404,6.230000019073486,6.25,76200,0.0,0.0,AERI3.SA
207,2024-10-24 00:00:00-03:00,6.25,6.449999809265137,6.099999904632568,6.380000114440918,155700,0.0,0.0,AERI3.SA
208,2024-10-25 00:00:00-03:00,6.25,6.449999809265137,6.170000076293945,6.199999809265137,108100,0.0,0.0,AERI3.SA
209,2024-10-28 00:00:00-03:00,6.210000038146973,6.599999904632568,6.210000038146973,6.400000095367432,342900,0.0,0.0,AERI3.SA
210,2024-10-29 00:00:00-03:00,6.340000152587891,6.460000038146973,6.110000133514404,6.239999771118164,239000,0.0,0.0,AERI3.SA
211,2024-10-30 00:00:00-03:00,6.239999771118164,6.400000095367432,6.230000019073486,6.300000190734863,147800,0.0,0.0,AERI3.SA
212,2024-10-31 00:00:00-03:00,6.28000020980835,6.380000114440918,6.210000038146973,6.210000038146973,107000,0.0,0.0,AERI3.SA
213,2024-11-01 00:00:00-03:00,6.190000057220459,6.239999771118164,6.050000190734863,6.090000152587891,204200,0.0,0.0,AERI3.SA
214,2024-11-04 00:00:00-03:00,6.199999809265137,6.659999847412109,6.170000076293945,6.570000171661377,375100,0.0,0.0,AERI3.SA
215,2024-11-05 00:00:00-03:00,6.570000171661377,7.099999904632568,6.409999847412109,7.099999904632568,322000,0.0,0.0,AERI3.SA
216,2024-11-06 00:00:00-03:00,7.070000171661377,7.070000171661377,6.550000190734863,6.760000228881836,335900,0.0,0.0,AERI3.SA
217,2024-11-07 00:00:00-03:00,6.619999885559082,6.619999885559082,5.78000020980835,5.800000190734863,1066500,0.0,0.0,AERI3.SA
218,2024-11-08 00:00:00-03:00,5.769999980926514,5.769999980926514,5.360000133514404,5.53000020980835,485000,0.0,0.0,AERI3.SA
219,2024-11-11 00:00:00-03:00,5.53000020980835,5.880000114440918,5.5,5.559999942779541,403900,0.0,0.0,AERI3.SA
220,2024-11-12 00:00:00-03:00,5.559999942779541,5.75,5.519999980926514,5.699999809265137,199100,0.0,0.0,AERI3.SA
221,2024-11-13 00:00:00-03:00,5.570000171661377,5.71999979019165,5.429999828338623,5.519999980926514,173600,0.0,0.0,AERI3.SA
222,2024-11-14 00:00:00-03:00,5.579999923706055,5.699999809265137,5.369999885559082,5.489999771118164,328300,0.0,0.0,AERI3.SA
223,2024-11-18 00:00:00-03:00,5.5,5.760000228881836,5.440000057220459,5.619999885559082,246100,0.0,0.0,AERI3.SA
224,2024-11-19 00:00:00-03:00,5.619999885559082,5.650000095367432,5.489999771118164,5.489999771118164,77100,0.0,0.0,AERI3.SA
225,2024-11-21 00:00:00-03:00,5.5,5.510000228881836,5.210000038146973,5.309999942779541,373100,0.0,0.0,AERI3.SA
226,2024-11-22 00:00:00-03:00,5.309999942779541,5.46999979019165,5.289999961853027,5.440000057220459,274400,0.0,0.0,AERI3.SA
227,2024-11-25 00:00:00-03:00,5.320000171661377,5.550000190734863,5.320000171661377,5.420000076293945,183500,0.0,0.0,AERI3.SA
228,2024-11-26 00:00:00-03:00,5.489999771118164,5.679999828338623,5.480000019073486,5.639999866485596,181200,0.0,0.0,AERI3.SA
229,2024-11-27 00:00:00-03:00,5.650000095367432,5.690000057220459,5.349999904632568,5.349999904632568,338500,0.0,0.0,AERI3.SA
230,2024-11-28 00:00:00-03:00,5.369999885559082,5.489999771118164,5.079999923706055,5.079999923706055,306500,0.0,0.0,AERI3.SA
231,2024-11-29 00:00:00-03:00,5.090000152587891,5.320000171661377,4.920000076293945,5.309999942779541,471300,0.0,0.0,AERI3.SA
232,2024-12-02 00:00:00-03:00,5.21999979019165,5.590000152587891,5.21999979019165,5.320000171661377,223200,0.0,0.0,AERI3.SA
233,2024-12-03 00:00:00-03:00,5.260000228881836,5.460000038146973,5.190000057220459,5.369999885559082,253400,0.0,0.0,AERI3.SA
234,2024-12-04 00:00:00-03:00,5.369999885559082,5.420000076293945,5.239999771118164,5.25,104200,0.0,0.0,AERI3.SA
235,2024-12-05 00:00:00-03:00,5.300000190734863,5.480000019073486,5.25,5.25,121300,0.0,0.0,AERI3.SA
236,2024-12-06 00:00:00-03:00,5.300000190734863,5.380000114440918,5.099999904632568,5.099999904632568,111800,0.0,0.0,AERI3.SA
237,2024-12-09 00:00:00-03:00,5.239999771118164,5.239999771118164,5.019999980926514,5.050000190734863,205300,0.0,0.0,AERI3.SA
238,2024-12-10 00:00:00-03:00,5.050000190734863,8.0,5.039999961853027,8.0,1173100,0.0,0.0,AERI3.SA
239,2024-12-11 00:00:00-03:00,9.010000228881836,9.850000381469727,6.599999904632568,6.800000190734863,4410100,0.0,0.0,AERI3.SA
240,2024-12-12 00:00:00-03:00,7.300000190734863,8.989999771118164,7.139999866485596,8.989999771118164,2981600,0.0,0.0,AERI3.SA
241,2024-12-13 00:00:00-03:00,8.739999771118164,9.210000038146973,8.079999923706055,8.5,1856600,0.0,0.0,AERI3.SA
242,2024-12-16 00:00:00-03:00,8.5,8.600000381469727,7.309999942779541,7.309999942779541,974700,0.0,0.0,AERI3.SA
243,2024-12-17 00:00:00-03:00,7.300000190734863,8.380000114440918,7.099999904632568,8.020000457763672,1454500,0.0,0.0,AERI3.SA
244,2024-12-18 00:00:00-03:00,8.010000228881836,9.050000190734863,7.690000057220459,8.600000381469727,1406900,0.0,0.0,AERI3.SA
245,2024-12-19 00:00:00-03:00,8.609999656677246,9.579999923706055,8.5,8.770000457763672,1124900,0.0,0.0,AERI3.SA
246,2024-12-20 00:00:00-03:00,8.699999809265137,8.979999542236328,8.050000190734863,8.100000381469727,749600,0.0,0.0,AERI3.SA
247,2024-12-23 00:00:00-03:00,8.180000305175781,8.359999656677246,7.550000190734863,7.860000133514404,434000,0.0,0.0,AERI3.SA
248,2024-12-26 00:00:00-03:00,7.860000133514404,8.479999542236328,7.820000171661377,8.319999694824219,716900,0.0,0.0,AERI3.SA
249,2024-12-27 00:00:00-03:00,8.390000343322754,8.6899995803833,7.860000133514404,8.3100004196167,870400,0.0,0.0,AERI3.SA
250,2024-12-30 00:00:00-03:00,8.289999961853027,8.3100004196167,5.239999771118164,5.710000038146973,3654400,0.0,0.0,AERI3.SA
251,2025-01-02 00:00:00-03:00,5.5,7.699999809265137,5.420000076293945,7.0,3335000,0.0,0.0,AERI3.SA
252,2025-01-03 00:00:00-03:00,6.940000057220459,8.109999656677246,6.929999828338623,7.940000057220459,3425400,0.0,0.0,AERI3.SA
253,2025-01-06 00:00:00-03:00,7.960000038146973,8.5,7.269999980926514,7.730000019073486,2333000,0.0,0.0,AERI3.SA
254,2025-01-07 00:00:00-03:00,7.760000228881836,7.840000152587891,7.340000152587891,7.489999771118164,1464000,0.0,0.0,AERI3.SA
255,2025-01-08 00:00:00-03:00,7.380000114440918,7.809999942779541,6.940000057220459,6.940000057220459,1517600,0.0,0.0,AERI3.SA
256,2025-01-09 00:00:00-03:00,6.440000057220459,8.350000381469727,6.119999885559082,8.09000015258789,4955500,0.0,0.0,AERI3.SA
257,2025-01-10 00:00:00-03:00,7.980000019073486,8.149999618530273,7.429999828338623,7.429999828338623,1152300,0.0,0.0,AERI3.SA
258,2025-01-13 00:00:00-03:00,7.559999942779541,7.75,7.239999771118164,7.239999771118164,689300,0.0,0.0,AERI3.SA
259,2025-01-14 00:00:00-03:00,7.309999942779541,7.460000038146973,7.050000190734863,7.110000133514404,526600,0.0,0.0,AERI3.SA
260,2025-01-15 00:00:00-03:00,7.130000114440918,7.420000076293945,7.130000114440918,7.260000228881836,584100,0.0,0.0,AERI3.SA
261,2025-01-16 00:00:00-03:00,7.170000076293945,7.260000228881836,6.909999847412109,6.909999847412109,523700,0.0,0.0,AERI3.SA
262,2025-01-17 00:00:00-03:00,6.800000190734863,6.889999866485596,6.619999885559082,6.730000019073486,607500,0.0,0.0,AERI3.SA
263,2025-01-20 00:00:00-03:00,6.639999866485596,6.809999942779541,6.119999885559082,6.300000190734863,576600,0.0,0.0,AERI3.SA
264,2025-01-21 00:00:00-03:00,6.369999885559082,7.650000095367432,6.260000228881836,6.929999828338623,2351100,0.0,0.0,AERI3.SA
265,2025-01-22 00:00:00-03:00,7.0,7.119999885559082,6.590000152587891,6.599999904632568,885100,0.0,0.0,AERI3.SA
266,2025-01-23 00:00:00-03:00,6.739999771118164,7.099999904632568,6.659999847412109,6.829999923706055,870600,0.0,0.0,AERI3.SA
267,2025-01-24 00:00:00-03:00,6.880000114440918,6.889999866485596,6.630000114440918,6.679999828338623,407300,0.0,0.0,AERI3.SA
268,2025-01-27 00:00:00-03:00,6.619999885559082,6.849999904632568,6.46999979019165,6.539999961853027,881500,0.0,0.0,AERI3.SA
269,2025-01-28 00:00:00-03:00,6.510000228881836,6.570000171661377,6.329999923706055,6.329999923706055,369200,0.0,0.0,AERI3.SA
270,2025-01-29 00:00:00-03:00,6.369999885559082,6.559999942779541,6.210000038146973,6.349999904632568,421300,0.0,0.0,AERI3.SA
271,2025-01-30 00:00:00-03:00,6.340000152587891,6.570000171661377,6.329999923706055,6.570000171661377,409500,0.0,0.0,AERI3.SA
272,2025-01-31 00:00:00-03:00,6.309999942779541,6.480000019073486,6.130000114440918,6.289999961853027,1139800,0.0,0.0,AERI3.SA
273,2025-02-03 00:00:00-03:00,6.300000190734863,6.300000190734863,6.070000171661377,6.079999923706055,670400,0.0,0.0,AERI3.SA
274,2025-02-04 00:00:00-03:00,6.079999923706055,6.150000095367432,5.800000190734863,5.800000190734863,559200,0.0,0.0,AERI3.SA
275,2025-02-05 00:00:00-03:00,5.78000020980835,5.840000152587891,5.53000020980835,5.590000152587891,522700,0.0,0.0,AERI3.SA
276,2025-02-06 00:00:00-03:00,5.590000152587891,5.940000057220459,5.590000152587891,5.730000019073486,425900,0.0,0.0,AERI3.SA
277,2025-02-07 00:00:00-03:00,5.730000019073486,5.840000152587891,5.449999809265137,5.599999904632568,438000,0.0,0.0,AERI3.SA
278,2025-02-10 00:00:00-03:00,5.630000114440918,5.690000057220459,5.539999961853027,5.619999885559082,380300,0.0,0.0,AERI3.SA
279,2025-02-11 00:00:00-03:00,5.579999923706055,5.699999809265137,5.480000019073486,5.559999942779541,305300,0.0,0.0,AERI3.SA
280,2025-02-12 00:00:00-03:00,5.5,5.5,5.25,5.309999942779541,309500,0.0,0.0,AERI3.SA
281,2025-02-13 00:00:00-03:00,5.309999942779541,5.420000076293945,5.199999809265137,5.420000076293945,201500,0.0,0.0,AERI3.SA
282,2025-02-14 00:00:00-03:00,5.340000152587891,5.579999923706055,5.320000171661377,5.559999942779541,258700,0.0,0.0,AERI3.SA
283,2025-02-17 00:00:00-03:00,5.440000057220459,5.769999980926514,5.360000133514404,5.5,503500,0.0,0.0,AERI3.SA
284,2025-02-18 00:00:00-03:00,5.480000019073486,5.570000171661377,5.380000114440918,5.46999979019165,313700,0.0,0.0,AERI3.SA
285,2025-02-19 00:00:00-03:00,5.449999809265137,5.449999809265137,5.239999771118164,5.239999771118164,287500,0.0,0.0,AERI3.SA
286,2025-02-20 00:00:00-03:00,5.320000171661377,5.320000171661377,5.099999904632568,5.150000095367432,249200,0.0,0.0,AERI3.SA
287,2025-02-21 00:00:00-03:00,5.159999847412109,5.210000038146973,4.909999847412109,4.949999809265137,395000,0.0,0.0,AERI3.SA
288,2025-02-24 00:00:00-03:00,4.920000076293945,4.980000019073486,4.340000152587891,4.369999885559082,746800,0.0,0.0,AERI3.SA
289,2025-02-25 00:00:00-03:00,4.360000133514404,4.489999771118164,4.150000095367432,4.340000152587891,619300,0.0,0.0,AERI3.SA
290,2025-02-26 00:00:00-03:00,4.340000152587891,4.400000095367432,4.179999828338623,4.21999979019165,272700,0.0,0.0,AERI3.SA
291,2025-02-27 00:00:00-03:00,4.179999828338623,4.320000171661377,4.170000076293945,4.320000171661377,302800,0.0,0.0,AERI3.SA
292,2025-02-28 00:00:00-03:00,4.28000020980835,4.289999961853027,4.070000171661377,4.25,293700,0.0,0.0,AERI3.SA
293,2025-03-05 00:00:00-03:00,4.199999809265137,4.289999961853027,4.199999809265137,4.239999771118164,99800,0.0,0.0,AERI3.SA
294,2025-03-06 00:00:00-03:00,4.239999771118164,4.840000152587891,4.139999866485596,4.199999809265137,957800,0.0,0.0,AERI3.SA
295,2025-03-07 00:00:00-03:00,4.159999847412109,4.309999942779541,3.859999895095825,3.9000000953674316,1224800,0.0,0.0,AERI3.SA
296,2025-03-10 00:00:00-03:00,3.869999885559082,3.9000000953674316,3.630000114440918,3.6500000953674316,996400,0.0,0.0,AERI3.SA
297,2025-03-11 00:00:00-03:00,3.6600000858306885,3.990000009536743,3.6500000953674316,3.930000066757202,1261900,0.0,0.0,AERI3.SA
298,2025-03-12 00:00:00-03:00,3.9000000953674316,3.9000000953674316,3.759999990463257,3.799999952316284,407600,0.0,0.0,AERI3.SA
299,2025-03-13 00:00:00-03:00,3.7799999713897705,3.869999885559082,3.75,3.819999933242798,239000,0.0,0.0,AERI3.SA
300,2025-03-14 00:00:00-03:00,3.7799999713897705,4.050000190734863,3.7799999713897705,3.930000066757202,399400,0.0,0.0,AERI3.SA
301,2025-03-17 00:00:00-03:00,3.9200000762939453,3.9800000190734863,3.869999885559082,3.930000066757202,110000,0.0,0.0,AERI3.SA
302,2025-03-18 00:00:00-03:00,3.9000000953674316,3.990000009536743,3.880000114440918,3.9100000858306885,132600,0.0,0.0,AERI3.SA
303,2025-03-19 00:00:00-03:00,3.940000057220459,3.940000057220459,3.6600000858306885,3.799999952316284,1376200,0.0,0.0,AERI3.SA
304,2025-03-20 00:00:00-03:00,3.7699999809265137,4.239999771118164,3.759999990463257,3.9800000190734863,917000,0.0,0.0,AERI3.SA
305,2025-03-21 00:00:00-03:00,3.990000009536743,4.139999866485596,3.9200000762939453,4.110000133514404,345000,0.0,0.0,AERI3.SA
306,2025-03-24 00:00:00-03:00,4.159999847412109,4.170000076293945,4.0,4.059999942779541,256000,0.0,0.0,AERI3.SA
307,2025-03-25 00:00:00-03:00,4.110000133514404,4.150000095367432,4.019999980926514,4.099999904632568,331600,0.0,0.0,AERI3.SA
308,2025-03-26 00:00:00-03:00,3.9600000381469727,4.699999809265137,3.859999895095825,3.9800000190734863,1834200,0.0,0.0,AERI3.SA
309,2025-03-27 00:00:00-03:00,3.990000009536743,4.409999847412109,3.9000000953674316,4.210000038146973,834800,0.0,0.0,AERI3.SA
310,2025-03-28 00:00:00-03:00,4.210000038146973,4.210000038146973,3.990000009536743,3.990000009536743,386500,0.0,0.0,AERI3.SA
311,2025-03-31 00:00:00-03:00,4.010000228881836,4.019999980926514,3.799999952316284,3.799999952316284,509700,0.0,0.0,AERI3.SA
312,2025-04-01 00:00:00-03:00,3.869999885559082,3.9600000381469727,3.799999952316284,3.930000066757202,288800,0.0,0.0,AERI3.SA
313,2025-04-02 00:00:00-03:00,3.9100000858306885,3.990000009536743,3.880000114440918,3.890000104904175,256200,0.0,0.0,AERI3.SA
314,2025-04-03 00:00:00-03:00,3.859999895095825,4.599999904632568,3.859999895095825,4.460000038146973,2060300,0.0,0.0,AERI3.SA
315,2025-04-04 00:00:00-03:00,4.369999885559082,4.46999979019165,4.019999980926514,4.019999980926514,746000,0.0,0.0,AERI3.SA
316,2025-04-07 00:00:00-03:00,3.990000009536743,4.0,3.700000047683716,3.890000104904175,480500,0.0,0.0,AERI3.SA
317,2025-04-08 00:00:00-03:00,3.9100000858306885,3.9600000381469727,3.5999999046325684,3.6600000858306885,800900,0.0,0.0,AERI3.SA
318,2025-04-09 00:00:00-03:00,3.609999895095825,3.75,3.5399999618530273,3.700000047683716,508200,0.0,0.0,AERI3.SA
319,2025-04-10 00:00:00-03:00,3.700000047683716,3.7300000190734863,3.619999885559082,3.640000104904175,231000,0.0,0.0,AERI3.SA
320,2025-04-11 00:00:00-03:00,3.680000066757202,3.7200000286102295,3.619999885559082,3.7100000381469727,179500,0.0,0.0,AERI3.SA
321,2025-04-14 00:00:00-03:00,3.7200000286102295,3.799999952316284,3.630000114440918,3.690000057220459,171300,0.0,0.0,AERI3.SA
322,2025-04-15 00:00:00-03:00,3.6700000762939453,3.8299999237060547,3.6700000762939453,3.740000009536743,299100,0.0,0.0,AERI3.SA
323,2025-04-16 00:00:00-03:00,3.700000047683716,3.7899999618530273,3.700000047683716,3.740000009536743,103500,0.0,0.0,AERI3.SA
324,2025-04-17 00:00:00-03:00,3.75,3.890000104904175,3.7300000190734863,3.869999885559082,212100,0.0,0.0,AERI3.SA
325,2025-04-22 00:00:00-03:00,3.8299999237060547,4.050000190734863,3.8299999237060547,3.9200000762939453,157500,0.0,0.0,AERI3.SA
326,2025-04-23 00:00:00-03:00,3.880000114440918,4.210000038146973,3.880000114440918,4.099999904632568,290400,0.0,0.0,AERI3.SA
327,2025-04-24 00:00:00-03:00,4.110000133514404,4.489999771118164,4.110000133514404,4.360000133514404,513500,0.0,0.0,AERI3.SA
328,2025-04-25 00:00:00-03:00,4.329999923706055,4.329999923706055,4.170000076293945,4.21999979019165,206900,0.0,0.0,AERI3.SA
329,2025-04-28 00:00:00-03:00,4.28000020980835,4.53000020980835,4.190000057220459,4.440000057220459,334200,0.0,0.0,AERI3.SA
330,2025-04-29 00:00:00-03:00,4.489999771118164,4.71999979019165,4.460000038146973,4.510000228881836,261900,0.0,0.0,AERI3.SA
331,2025-04-30 00:00:00-03:00,4.380000114440918,4.5,4.380000114440918,4.429999828338623,64900,0.0,0.0,AERI3.SA
332,2025-05-02 00:00:00-03:00,4.78000020980835,5.389999866485596,4.510000228881836,5.210000038146973,1655900,0.0,0.0,AERI3.SA
333,2025-05-05 00:00:00-03:00,5.210000038146973,5.210000038146973,4.389999866485596,4.440000057220459,928900,0.0,0.0,AERI3.SA
334,2025-05-06 00:00:00-03:00,4.460000038146973,4.699999809265137,4.25,4.369999885559082,647200,0.0,0.0,AERI3.SA
335,2025-05-07 00:00:00-03:00,4.400000095367432,4.489999771118164,4.150000095367432,4.210000038146973,296900,0.0,0.0,AERI3.SA
336,2025-05-08 00:00:00-03:00,4.25,4.480000019073486,4.230000019073486,4.480000019073486,332600,0.0,0.0,AERI3.SA
337,2025-05-09 00:00:00-03:00,4.46999979019165,4.699999809265137,4.380000114440918,4.550000190734863,422000,0.0,0.0,AERI3.SA
338,2025-05-12 00:00:00-03:00,4.590000152587891,4.75,4.230000019073486,4.300000190734863,581800,0.0,0.0,AERI3.SA
339,2025-05-13 00:00:00-03:00,4.300000190734863,5.110000133514404,4.300000190734863,4.980000019073486,1097400,0.0,0.0,AERI3.SA
340,2025-05-14 00:00:00-03:00,4.980000019073486,4.989999771118164,4.650000095367432,4.739999771118164,295200,0.0,0.0,AERI3.SA
341,2025-05-15 00:00:00-03:00,4.71999979019165,4.849999904632568,4.519999980926514,4.599999904632568,288100,0.0,0.0,AERI3.SA
342,2025-05-16 00:00:00-03:00,4.610000133514404,4.619999885559082,4.5,4.519999980926514,184900,0.0,0.0,AERI3.SA
343,2025-05-19 00:00:00-03:00,4.510000228881836,4.699999809265137,4.46999979019165,4.570000171661377,253100,0.0,0.0,AERI3.SA
344,2025-05-20 00:00:00-03:00,4.510000228881836,4.579999923706055,4.360000133514404,4.420000076293945,342100,0.0,0.0,AERI3.SA
345,2025-05-21 00:00:00-03:00,4.420000076293945,4.630000114440918,4.260000228881836,4.320000171661377,549500,0.0,0.0,AERI3.SA
346,2025-05-22 00:00:00-03:00,4.320000171661377,4.349999904632568,4.230000019073486,4.25,207700,0.0,0.0,AERI3.SA
347,2025-05-23 00:00:00-03:00,4.309999942779541,4.360000133514404,4.199999809265137,4.199999809265137,130800,0.0,0.0,AERI3.SA
348,2025-05-26 00:00:00-03:00,4.25,4.269999980926514,4.199999809265137,4.21999979019165,85000,0.0,0.0,AERI3.SA
349,2025-05-27 00:00:00-03:00,4.239999771118164,4.420000076293945,4.239999771118164,4.320000171661377,257800,0.0,0.0,AERI3.SA
350,2025-05-28 00:00:00-03:00,4.369999885559082,4.369999885559082,4.269999980926514,4.28000020980835,127200,0.0,0.0,AERI3.SA
351,2025-05-29 00:00:00-03:00,4.329999923706055,4.329999923706055,4.21999979019165,4.230000019073486,138800,0.0,0.0,AERI3.SA
352,2025-05-30 00:00:00-03:00,4.199999809265137,4.269999980926514,4.170000076293945,4.199999809265137,154200,0.0,0.0,AERI3.SA
353,2025-06-02 00:00:00-03:00,4.199999809265137,4.260000228881836,3.990000009536743,3.990000009536743,348900,0.0,0.0,AERI3.SA
354,2025-06-03 00:00:00-03:00,4.03000020980835,4.070000171661377,3.9800000190734863,4.059999942779541,181700,0.0,0.0,AERI3.SA
355,2025-06-04 00:00:00-03:00,3.990000009536743,4.099999904632568,3.940000057220459,3.940000057220459,180300,0.0,0.0,AERI3.SA
356,2025-06-05 00:00:00-03:00,3.9700000286102295,4.03000020980835,3.9000000953674316,3.9200000762939453,143500,0.0,0.0,AERI3.SA
357,2025-06-06 00:00:00-03:00,3.950000047683716,4.0,3.9000000953674316,3.9800000190734863,179900,0.0,0.0,AERI3.SA
358,2025-06-09 00:00:00-03:00,3.9800000190734863,4.199999809265137,3.880000114440918,4.199999809265137,250100,0.0,0.0,AERI3.SA
359,2025-06-10 00:00:00-03:00,4.130000114440918,4.199999809265137,4.079999923706055,4.110000133514404,95900,0.0,0.0,AERI3.SA
360,2025-06-11 00:00:00-03:00,4.090000152587891,4.289999961853027,4.050000190734863,4.170000076293945,151100,0.0,0.0,AERI3.SA
361,2025-06-12 00:00:00-03:00,4.170000076293945,4.25,4.110000133514404,4.150000095367432,151200,0.0,0.0,AERI3.SA
362,2025-06-13 00:00:00-03:00,4.179999828338623,4.199999809265137,4.039999961853027,4.039999961853027,115600,0.0,0.0,AERI3.SA
363,2025-06-16 00:00:00-03:00,4.039999961853027,4.300000190734863,4.039999961853027,4.170000076293945,270700,0.0,0.0,AERI3.SA
364,2025-06-17 00:00:00-03:00,4.170000076293945,4.25,4.050000190734863,4.090000152587891,167200,0.0,0.0,AERI3.SA
365,2025-06-18 00:00:00-03:00,4.090000152587891,4.210000038146973,4.079999923706055,4.079999923706055,113300,0.0,0.0,AERI3.SA
366,2025-06-20 00:00:00-03:00,4.139999866485596,4.199999809265137,4.010000228881836,4.050000190734863,183200,0.0,0.0,AERI3.SA
367,2025-06-23 00:00:00-03:00,4.03000020980835,4.130000114440918,4.0,4.019999980926514,103600,0.0,0.0,AERI3.SA
368,2025-06-24 00:00:00-03:00,4.019999980926514,4.139999866485596,4.0,4.0,148500,0.0,0.0,AERI3.SA
369,2025-06-25 00:00:00-03:00,4.03000020980835,4.28000020980835,3.950000047683716,4.019999980926514,397300,0.0,0.0,AERI3.SA
370,2025-06-26 00:00:00-03:00,4.150000095367432,4.21999979019165,3.9800000190734863,4.21999979019165,373800,0.0,0.0,AERI3.SA
371,2025-06-27 00:00:00-03:00,4.150000095367432,4.260000228881836,4.110000133514404,4.130000114440918,103100,0.0,0.0,AERI3.SA
372,2025-06-30 00:00:00-03:00,4.119999885559082,4.199999809265137,4.059999942779541,4.159999847412109,102800,0.0,0.0,AERI3.SA
373,2025-07-01 00:00:00-03:00,4.130000114440918,4.260000228881836,4.130000114440918,4.179999828338623,106400,0.0,0.0,AERI3.SA
374,2025-07-02 00:00:00-03:00,4.190000057220459,4.5,4.179999828338623,4.5,462800,0.0,0.0,AERI3.SA
375,2025-07-03 00:00:00-03:00,4.440000057220459,4.78000020980835,4.389999866485596,4.420000076293945,214200,0.0,0.0,AERI3.SA
376,2025-07-04 00:00:00-03:00,4.389999866485596,4.489999771118164,4.289999961853027,4.389999866485596,115400,0.0,0.0,AERI3.SA
377,2025-07-07 00:00:00-03:00,4.349999904632568,4.489999771118164,4.28000020980835,4.289999961853027,107000,0.0,0.0,AERI3.SA
378,2025-07-08 00:00:00-03:00,4.289999961853027,4.400000095367432,4.21999979019165,4.21999979019165,85300,0.0,0.0,AERI3.SA
379,2025-07-09 00:00:00-03:00,4.25,4.25,4.170000076293945,4.190000057220459,54800,0.0,0.0,AERI3.SA
380,2025-07-10 00:00:00-03:00,4.139999866485596,4.349999904632568,4.090000152587891,4.289999961853027,129200,0.0,0.0,AERI3.SA
381,2025-07-11 00:00:00-03:00,4.289999961853027,4.449999809265137,4.210000038146973,4.28000020980835,45400,0.0,0.0,AERI3.SA
382,2025-07-14 00:00:00-03:00,4.28000020980835,4.300000190734863,4.110000133514404,4.179999828338623,91200,0.0,0.0,AERI3.SA
383,2025-07-15 00:00:00-03:00,4.179999828338623,4.369999885559082,4.150000095367432,4.320000171661377,87400,0.0,0.0,AERI3.SA
384,2025-07-16 00:00:00-03:00,4.320000171661377,4.369999885559082,4.21999979019165,4.340000152587891,48100,0.0,0.0,AERI3.SA
385,2025-07-17 00:00:00-03:00,4.260000228881836,4.650000095367432,4.25,4.480000019073486,147700,0.0,0.0,AERI3.SA
386,2025-07-18 00:00:00-03:00,4.409999847412109,4.53000020980835,4.150000095367432,4.230000019073486,133600,0.0,0.0,AERI3.SA
387,2025-07-21 00:00:00-03:00,4.230000019073486,4.389999866485596,4.170000076293945,4.230000019073486,69300,0.0,0.0,AERI3.SA
388,2025-07-22 00:00:00-03:00,4.210000038146973,4.309999942779541,4.199999809265137,4.289999961853027,47100,0.0,0.0,AERI3.SA
389,2025-07-23 00:00:00-03:00,4.269999980926514,4.349999904632568,4.210000038146973,4.340000152587891,112200,0.0,0.0,AERI3.SA
390,2025-07-24 00:00:00-03:00,4.230000019073486,4.400000095367432,4.210000038146973,4.389999866485596,88300,0.0,0.0,AERI3.SA
391,2025-07-25 00:00:00-03:00,4.389999866485596,4.429999828338623,4.309999942779541,4.349999904632568,41300,0.0,0.0,AERI3.SA
392,2025-07-28 00:00:00-03:00,4.349999904632568,4.409999847412109,4.210000038146973,4.300000190734863,74600,0.0,0.0,AERI3.SA
393,2025-07-29 00:00:00-03:00,4.349999904632568,4.349999904632568,4.239999771118164,4.28000020980835,39600,0.0,0.0,AERI3.SA
394,2025-07-30 00:00:00-03:00,4.269999980926514,4.449999809265137,4.230000019073486,4.400000095367432,106100,0.0,0.0,AERI3.SA
395,2025-07-31 00:00:00-03:00,4.340000152587891,4.420000076293945,4.28000020980835,4.349999904632568,43400,0.0,0.0,AERI3.SA
396,2025-08-01 00:00:00-03:00,4.300000190734863,4.389999866485596,4.289999961853027,4.369999885559082,74100,0.0,0.0,AERI3.SA
397,2025-08-04 00:00:00-03:00,4.369999885559082,4.429999828338623,4.309999942779541,4.369999885559082,76600,0.0,0.0,AERI3.SA
398,2025-08-05 00:00:00-03:00,4.329999923706055,4.409999847412109,4.25,4.260000228881836,86400,0.0,0.0,AERI3.SA
399,2025-08-06 00:00:00-03:00,4.260000228881836,4.380000114440918,4.260000228881836,4.340000152587891,66100,0.0,0.0,AERI3.SA
400,2025-08-07 00:00:00-03:00,4.340000152587891,4.480000019073486,4.260000228881836,4.429999828338623,125100,0.0,0.0,AERI3.SA
401,2025-08-08 00:00:00-03:00,4.369999885559082,4.429999828338623,4.28000020980835,4.369999885559082,52400,0.0,0.0,AERI3.SA
402,2025-08-11 00:00:00-03:00,4.369999885559082,4.380000114440918,4.300000190734863,4.380000114440918,30300,0.0,0.0,AERI3.SA
403,2025-08-12 00:00:00-03:00,4.300000190734863,4.460000038146973,4.300000190734863,4.400000095367432,86300,0.0,0.0,AERI3.SA
404,2025-08-13 00:00:00-03:00,4.340000152587891,4.400000095367432,4.320000171661377,4.369999885559082,31500,0.0,0.0,AERI3.SA
405,2025-08-14 00:00:00-03:00,4.389999866485596,4.5,4.309999942779541,4.5,102300,0.0,0.0,AERI3.SA
406,2025-08-15 00:00:00-03:00,4.420000076293945,4.579999923706055,4.099999904632568,4.380000114440918,149600,0.0,0.0,AERI3.SA
407,2025-08-18 00:00:00-03:00,4.329999923706055,4.409999847412109,4.159999847412109,4.159999847412109,126500,0.0,0.0,AERI3.SA
408,2025-08-19 00:00:00-03:00,4.190000057220459,4.260000228881836,4.090000152587891,4.150000095367432,159700,0.0,0.0,AERI3.SA
409,2025-08-20 00:00:00-03:00,4.090000152587891,4.199999809265137,4.019999980926514,4.099999904632568,83600,0.0,0.0,AERI3.SA
410,2025-08-21 00:00:00-03:00,4.099999904632568,4.190000057220459,4.070000171661377,4.159999847412109,60700,0.0,0.0,AERI3.SA
411,2025-08-22 00:00:00-03:00,4.170000076293945,4.239999771118164,4.119999885559082,4.159999847412109,48800,0.0,0.0,AERI3.SA
412,2025-08-25 00:00:00-03:00,4.150000095367432,4.559999942779541,4.070000171661377,4.150000095367432,407800,0.0,0.0,AERI3.SA
413,2025-08-26 00:00:00-03:00,4.170000076293945,4.21999979019165,4.159999847412109,4.179999828338623,40200,0.0,0.0,AERI3.SA
414,2025-08-27 00:00:00-03:00,4.159999847412109,4.199999809265137,4.130000114440918,4.150000095367432,123400,0.0,0.0,AERI3.SA
415,2025-08-28 00:00:00-03:00,4.170000076293945,4.369999885559082,4.170000076293945,4.269999980926514,147900,0.0,0.0,AERI3.SA
416,2025-08-29 00:00:00-03:00,4.269999980926514,4.269999980926514,4.079999923706055,4.139999866485596,676600,0.0,0.0,AERI3.SA
417,2025-09-01 00:00:00-03:00,4.150000095367432,4.210000038146973,4.119999885559082,4.159999847412109,148300,0.0,0.0,AERI3.SA
418,2025-09-02 00:00:00-03:00,4.159999847412109,4.190000057220459,4.110000133514404,4.150000095367432,69000,0.0,0.0,AERI3.SA
419,2025-09-03 00:00:00-03:00,4.170000076293945,4.21999979019165,4.110000133514404,4.110000133514404,119200,0.0,0.0,AERI3.SA
420,2025-09-04 00:00:00-03:00,4.159999847412109,4.179999828338623,4.119999885559082,4.150000095367432,35800,0.0,0.0,AERI3.SA
421,2025-09-05 00:00:00-03:00,4.190000057220459,4.210000038146973,4.150000095367432,4.150000095367432,44300,0.0,0.0,AERI3.SA
422,2025-09-08 00:00:00-03:00,4.199999809265137,4.199999809265137,4.130000114440918,4.150000095367432,62100,0.0,0.0,AERI3.SA
423,2025-09-09 00:00:00-03:00,4.130000114440918,4.170000076293945,4.130000114440918,4.130000114440918,51900,0.0,0.0,AERI3.SA
424,2025-09-10 00:00:00-03:00,4.139999866485596,4.159999847412109,4.130000114440918,4.139999866485596,43800,0.0,0.0,AERI3.SA
425,2025-09-11 00:00:00-03:00,4.150000095367432,4.179999828338623,4.139999866485596,4.170000076293945,78800,0.0,0.0,AERI3.SA
426,2025-09-12 00:00:00-03:00,4.139999866485596,4.21999979019165,4.139999866485596,4.210000038146973,67300,0.0,0.0,AERI3.SA
427,2025-09-15 00:00:00-03:00,4.210000038146973,4.210000038146973,4.119999885559082,4.190000057220459,101800,0.0,0.0,AERI3.SA
428,2025-09-16 00:00:00-03:00,4.199999809265137,4.25,4.059999942779541,4.059999942779541,274300,0.0,0.0,AERI3.SA
429,2025-09-17 00:00:00-03:00,4.110000133514404,4.139999866485596,4.070000171661377,4.119999885559082,90100,0.0,0.0,AERI3.SA
430,2025-09-18 00:00:00-03:00,4.119999885559082,4.179999828338623,4.079999923706055,4.139999866485596,111700,0.0,0.0,AERI3.SA
431,2025-09-19 00:00:00-03:00,4.150000095367432,4.150000095367432,4.099999904632568,4.099999904632568,21800,0.0,0.0,AERI3.SA
432,2025-09-22 00:00:00-03:00,4.099999904632568,4.119999885559082,4.079999923706055,4.079999923706055,70300,0.0,0.0,AERI3.SA
433,2025-09-23 00:00:00-03:00,4.090000152587891,4.119999885559082,4.050000190734863,4.070000171661377,96600,0.0,0.0,AERI3.SA
434,2025-09-24 00:00:00-03:00,4.070000171661377,4.119999885559082,4.059999942779541,4.099999904632568,72000,0.0,0.0,AERI3.SA
435,2025-09-25 00:00:00-03:00,4.099999904632568,4.110000133514404,4.059999942779541,4.099999904632568,62200,0.0,0.0,AERI3.SA
436,2025-09-26 00:00:00-03:00,4.099999904632568,4.099999904632568,4.03000020980835,4.090000152587891,89200,0.0,0.0,AERI3.SA
437,2025-09-29 00:00:00-03:00,4.090000152587891,4.099999904632568,4.039999961853027,4.050000190734863,32100,0.0,0.0,AERI3.SA
438,2025-09-30 00:00:00-03:00,4.050000190734863,4.090000152587891,4.019999980926514,4.03000020980835,85100,0.0,0.0,AERI3.SA
439,2025-10-01 00:00:00-03:00,4.03000020980835,4.099999904632568,4.0,4.099999904632568,149800,0.0,0.0,AERI3.SA
440,2025-10-02 00:00:00-03:00,4.059999942779541,4.099999904632568,4.039999961853027,4.079999923706055,53300,0.0,0.0,AERI3.SA
441,2025-10-03 00:00:00-03:00,4.019999980926514,4.130000114440918,4.019999980926514,4.079999923706055,43400,0.0,0.0,AERI3.SA
442,2025-10-06 00:00:00-03:00,4.050000190734863,4.079999923706055,4.039999961853027,4.079999923706055,99200,0.0,0.0,AERI3.SA
443,2025-10-07 00:00:00-03:00,4.079999923706055,4.090000152587891,4.019999980926514,4.059999942779541,80000,0.0,0.0,AERI3.SA
444,2025-10-08 00:00:00-03:00,4.039999961853027,4.070000171661377,4.03000020980835,4.03000020980835,73300,0.0,0.0,AERI3.SA
445,2025-10-09 00:00:00-03:00,4.019999980926514,4.059999942779541,3.990000009536743,4.03000020980835,78300,0.0,0.0,AERI3.SA
446,2025-10-10 00:00:00-03:00,3.930000066757202,4.039999961853027,3.880000114440918,3.880000114440918,54600,0.0,0.0,AERI3.SA
447,2025-10-13 00:00:00-03:00,3.9000000953674316,3.9800000190734863,3.890000104904175,3.950000047683716,34900,0.0,0.0,AERI3.SA
448,2025-10-14 00:00:00-03:00,3.9100000858306885,4.019999980926514,3.9100000858306885,4.0,113700,0.0,0.0,AERI3.SA
449,2025-10-15 00:00:00-03:00,4.0,4.139999866485596,3.9200000762939453,4.059999942779541,78200,0.0,0.0,AERI3.SA
450,2025-10-16 00:00:00-03:00,4.079999923706055,4.130000114440918,4.010000228881836,4.059999942779541,26200,0.0,0.0,AERI3.SA
451,2025-10-17 00:00:00-03:00,4.0,4.090000152587891,4.0,4.059999942779541,21300,0.0,0.0,AERI3.SA
452,2025-10-20 00:00:00-03:00,4.010000228881836,4.110000133514404,4.0,4.0,52600,0.0,0.0,AERI3.SA
453,2025-10-21 00:00:00-03:00,4.039999961853027,4.099999904632568,4.0,4.090000152587891,71300,0.0,0.0,AERI3.SA
454,2025-10-22 00:00:00-03:00,4.079999923706055,4.079999923706055,4.019999980926514,4.059999942779541,17000,0.0,0.0,AERI3.SA
455,2025-10-23 00:00:00-03:00,4.019999980926514,4.079999923706055,4.019999980926514,4.079999923706055,38000,0.0,0.0,AERI3.SA
456,2025-10-24 00:00:00-03:00,4.079999923706055,4.190000057220459,4.070000171661377,4.110000133514404,70800,0.0,0.0,AERI3.SA
457,2025-10-27 00:00:00-03:00,4.099999904632568,4.130000114440918,4.079999923706055,4.119999885559082,26000,0.0,0.0,AERI3.SA
458,2025-10-28 00:00:00-03:00,4.079999923706055,4.300000190734863,4.079999923706055,4.230000019073486,126100,0.0,0.0,AERI3.SA
459,2025-10-29 00:00:00-03:00,4.199999809265137,4.300000190734863,4.190000057220459,4.190000057220459,54900,0.0,0.0,AERI3.SA
460,2025-10-30 00:00:00-03:00,4.190000057220459,4.25,4.050000190734863,4.139999866485596,89900,0.0,0.0,AERI3.SA
461,2025-10-31 00:00:00-03:00,4.099999904632568,4.179999828338623,4.050000190734863,4.150000095367432,63500,0.0,0.0,AERI3.SA
462,2025-11-03 00:00:00-03:00,4.150000095367432,4.150000095367432,4.079999923706055,4.090000152587891,22300,0.0,0.0,AERI3.SA
463,2025-11-04 00:00:00-03:00,4.139999866485596,4.139999866485596,4.050000190734863,4.079999923706055,49800,0.0,0.0,AERI3.SA
0,2024-01-02 00:00:00-03:00,21.09574492589542,21.09574492589542,20.0488763699973,20.128049850463867,1944700,0.741,0.0,ABCB4.SA
1,2024-01-03 00:00:00-03:00,20.004888658407697,20.76145051546174,20.004888658407697,20.53272247314453,1223100,0.0,0.0,ABCB4.SA
2,2024-01-04 00:00:00-03:00,20.620696946021003,20.708669536199814,20.040080199953493,20.092863082885742,988700,0.0,0.0,ABCB4.SA
3,2024-01-05 00:00:00-03:00,20.08406572957362,20.74385764142287,20.004890565916703,20.620697021484375,821100,0.0,0.0,ABCB4.SA
4,2024-01-08 00:00:00-03:00,20.62069594959687,21.139732360839844,20.4711430569008,21.139732360839844,480000,0.0,0.0,ABCB4.SA
5,2024-01-09 00:00:00-03:00,21.19251549772533,21.218907777204375,20.427156172208385,20.673479080200195,717900,0.0,0.0,ABCB4.SA
6,2024-01-10 00:00:00-03:00,20.55911618684982,20.64708709716797,20.356778730480425,20.64708709716797,420400,0.0,0.0,ABCB4.SA
7,2024-01-11 00:00:00-03:00,20.691074808745018,21.069355774264235,20.365576726479905,20.708669662475586,485600,0.0,0.0,ABCB4.SA
8,2024-01-12 00:00:00-03:00,20.761451338153723,20.831829071044922,20.30399523539218,20.831829071044922,456100,0.0,0.0,ABCB4.SA
9,2024-01-15 00:00:00-03:00,20.84942310366797,21.016569163999158,20.65588308737668,20.884611129760742,466100,0.0,0.0,ABCB4.SA
10,2024-01-16 00:00:00-03:00,20.858219503644126,20.91100406133918,20.56791114807129,20.56791114807129,525000,0.0,0.0,ABCB4.SA
11,2024-01-17 00:00:00-03:00,20.55911437172237,20.84062528693649,20.38316921074484,20.603099822998047,593800,0.0,0.0,ABCB4.SA
12,2024-01-18 00:00:00-03:00,20.62069654769219,20.73505973815918,20.251213018428558,20.73505973815918,436800,0.0,0.0,ABCB4.SA
13,2024-01-19 00:00:00-03:00,20.735060086529206,20.796640396118164,20.46234656780486,20.796640396118164,530800,0.0,0.0,ABCB4.SA
14,2024-01-22 00:00:00-03:00,20.79663881063758,20.849423367350468,20.18083408375775,20.286399841308594,422300,0.0,0.0,ABCB4.SA
15,2024-01-23 00:00:00-03:00,20.286400771203702,20.559115959575372,20.224820463486726,20.409563064575195,399900,0.0,0.0,ABCB4.SA
16,2024-01-24 00:00:00-03:00,20.44474911778856,20.805435180664062,20.44474911778856,20.805435180664062,483000,0.0,0.0,ABCB4.SA
17,2024-01-25 00:00:00-03:00,20.823031842967538,20.823031842967538,20.260009974476873,20.277603149414062,568800,0.0,0.0,ABCB4.SA
18,2024-01-26 00:00:00-03:00,20.400763941581513,20.515127120983262,20.233616207436736,20.427154541015625,377800,0.0,0.0,ABCB4.SA
19,2024-01-29 00:00:00-03:00,20.37437139233665,20.409561095029094,20.136845932974754,20.32158851623535,399100,0.0,0.0,ABCB4.SA
20,2024-01-30 00:00:00-03:00,20.321590861345012,20.400766023602447,20.207225992334234,20.33918571472168,288200,0.0,0.0,ABCB4.SA
21,2024-01-31 00:00:00-03:00,20.409563069424767,21.00777297163007,20.33918533516899,20.981382369995117,664500,0.0,0.0,ABCB4.SA
22,2024-02-01 00:00:00-03:00,20.98138043638561,21.597185134887695,20.56790981754237,21.597185134887695,1011600,0.0,0.0,ABCB4.SA
23,2024-02-02 00:00:00-03:00,21.59718702166932,21.87869963527983,21.210110324087744,21.377256393432617,938100,0.0,0.0,ABCB4.SA
24,2024-02-05 00:00:00-03:00,21.377255391437778,21.526808278746394,21.12213674716864,21.280487060546875,591300,0.0,0.0,ABCB4.SA
25,2024-02-06 00:00:00-03:00,21.218906755996997,21.465227974196512,20.708667789521268,21.280487060546875,1026400,0.0,0.0,ABCB4.SA
26,2024-02-07 00:00:00-03:00,21.245296584829017,21.729144933464294,20.321588694246735,21.069353103637695,1345000,0.0,0.0,ABCB4.SA
27,2024-02-08 00:00:00-03:00,21.23650047020953,21.23650047020953,20.277602817424697,20.787841796875,1653400,0.0,0.0,ABCB4.SA
28,2024-02-09 00:00:00-03:00,20.673478666389528,20.972584449414843,20.435953189645158,20.87581443786621,398900,0.0,0.0,ABCB4.SA
29,2024-02-14 00:00:00-03:00,20.840626827692407,20.96378744271955,20.479940731166472,20.673479080200195,383100,0.0,0.0,ABCB4.SA
30,2024-02-15 00:00:00-03:00,20.66468018523365,21.52680778503418,20.638287907630094,21.52680778503418,814700,0.0,0.0,ABCB4.SA
31,2024-02-16 00:00:00-03:00,21.553199806598702,21.825913293512787,21.016568580596484,21.773130416870117,716000,0.0,0.0,ABCB4.SA
32,2024-02-19 00:00:00-03:00,21.77313185429481,22.09862991727778,21.57959350853636,21.887495040893555,812200,0.0,0.0,ABCB4.SA
33,2024-02-20 00:00:00-03:00,21.887495532459436,22.160210721439945,21.649971727583324,21.99306297302246,535700,0.0,0.0,ABCB4.SA
34,2024-02-21 00:00:00-03:00,21.843508191272768,22.081033653573613,21.42124182136287,21.509214401245117,557300,0.0,0.0,ABCB4.SA
35,2024-02-22 00:00:00-03:00,21.553200967756027,21.78192901611328,21.47402580955784,21.78192901611328,392700,0.0,0.0,ABCB4.SA
36,2024-02-23 00:00:00-03:00,21.808320525418658,22.054641739622706,21.377255044686716,21.5707950592041,386100,0.0,0.0,ABCB4.SA
37,2024-02-26 00:00:00-03:00,21.676360814452288,21.729145370013807,21.28928414129237,21.5707950592041,426100,0.0,0.0,ABCB4.SA
38,2024-02-27 00:00:00-03:00,21.623579048405837,21.9578728611263,21.50041843497264,21.843509674072266,558900,0.0,0.0,ABCB4.SA
39,2024-02-28 00:00:00-03:00,21.781929997393515,21.869902585792175,21.08694839477539,21.08694839477539,711600,0.0,0.0,ABCB4.SA
40,2024-02-29 00:00:00-03:00,21.086947366769206,21.324472840484763,20.752653560676457,20.770248413085938,605400,0.0,0.0,ABCB4.SA
41,2024-03-01 00:00:00-03:00,20.761451999019165,21.23650129167185,20.761451999019165,21.08694839477539,499300,0.0,0.0,ABCB4.SA
42,2024-03-04 00:00:00-03:00,21.060557792812084,21.38605418856831,20.9637877777798,21.08694839477539,518500,0.0,0.0,ABCB4.SA
43,2024-03-05 00:00:00-03:00,21.095744058003717,21.30687724574923,20.91100314795293,21.13093376159668,911400,0.0,0.0,ABCB4.SA
44,2024-03-06 00:00:00-03:00,21.13093516368753,21.623579301115235,21.113340310723586,21.377256393432617,908000,0.0,0.0,ABCB4.SA
45,2024-03-07 00:00:00-03:00,21.465228273710526,21.465228273710526,20.902206420898438,20.902206420898438,490500,0.0,0.0,ABCB4.SA
46,2024-03-08 00:00:00-03:00,20.893408555768296,21.16612205025268,20.73505824350722,20.884611129760742,316100,0.0,0.0,ABCB4.SA
47,2024-03-11 00:00:00-03:00,20.805435973630203,20.972583711898835,20.717463391492114,20.884611129760742,428800,0.0,0.0,ABCB4.SA
48,2024-03-12 00:00:00-03:00,20.96378752166374,21.55320167541504,20.902207213918274,21.55320167541504,454400,0.0,0.0,ABCB4.SA
49,2024-03-13 00:00:00-03:00,21.40364954886598,21.729147630270482,21.350866665751436,21.412446975708008,369500,0.0,0.0,ABCB4.SA
50,2024-03-14 00:00:00-03:00,21.28048856087735,21.702754974365234,21.28048856087735,21.702754974365234,480600,0.0,0.0,ABCB4.SA
51,2024-03-15 00:00:00-03:00,21.702753831057155,21.940279305357762,21.509215487888596,21.56199836730957,2805100,0.0,0.0,ABCB4.SA
52,2024-03-18 00:00:00-03:00,21.667564520531837,21.843509692387514,21.11334008168024,21.139732360839844,422900,0.0,0.0,ABCB4.SA
53,2024-03-19 00:00:00-03:00,21.130935216953873,21.52680934201533,21.130935216953873,21.465229034423828,221400,0.0,0.0,ABCB4.SA
54,2024-03-20 00:00:00-03:00,21.544402840767763,21.658767700195312,21.21010904431112,21.658767700195312,253400,0.0,0.0,ABCB4.SA
55,2024-03-21 00:00:00-03:00,21.676360754255377,21.764333335342844,21.324472107842936,21.48282241821289,293500,0.0,0.0,ABCB4.SA
56,2024-03-22 00:00:00-03:00,21.491620994171186,21.491620994171186,21.051759743133502,21.271690368652344,265600,0.0,0.0,ABCB4.SA
57,2024-03-25 00:00:00-03:00,21.28928337534903,21.588389134353406,21.174918520351103,21.359661102294922,461100,0.0,0.0,ABCB4.SA
58,2024-03-26 00:00:00-03:00,21.350865845744973,21.79952452983132,21.271690685145174,21.465229034423828,351600,0.0,0.0,ABCB4.SA
59,2024-03-27 00:00:00-03:00,21.553201283925112,21.975467681884766,21.45643127183279,21.975467681884766,525700,0.0,0.0,ABCB4.SA
60,2024-03-28 00:00:00-03:00,21.94907700825948,21.94907700825948,21.315675735473633,21.315675735473633,680600,0.0,0.0,ABCB4.SA
61,2024-04-01 00:00:00-03:00,21.84350862748845,22.723231088004194,21.799523175637635,22.362545013427734,1935700,0.0,0.0,ABCB4.SA
62,2024-04-02 00:00:00-03:00,21.993060688441822,22.564879930753836,21.88749325884486,22.063438415527344,822100,0.0,0.0,ABCB4.SA
63,2024-04-03 00:00:00-03:00,22.0634410258515,22.16900846793814,21.491621715887586,21.614782333374023,969800,0.0,0.0,ABCB4.SA
64,2024-04-04 00:00:00-03:00,21.64997086508706,22.028251801623018,21.52680857634717,21.60598373413086,430900,0.0,0.0,ABCB4.SA
65,2024-04-05 00:00:00-03:00,21.66756398211951,21.746739139693407,21.438837613503225,21.51801109313965,359600,0.0,0.0,ABCB4.SA
66,2024-04-08 00:00:00-03:00,21.518011969310464,21.729146850062833,21.500418794195717,21.55320167541504,493300,0.0,0.0,ABCB4.SA
67,2024-04-09 00:00:00-03:00,21.56199865584809,21.887495040893555,21.48282349668838,21.887495040893555,421700,0.0,0.0,ABCB4.SA
68,2024-04-10 00:00:00-03:00,21.88749627961412,21.88749627961412,21.31567695838334,21.412446975708008,514200,0.0,0.0,ABCB4.SA
69,2024-04-11 00:00:00-03:00,21.465228980314805,21.500418686242693,21.1925154711238,21.377256393432617,385900,0.0,0.0,ABCB4.SA
70,2024-04-12 00:00:00-03:00,21.526809749273227,21.526809749273227,20.752654659575114,21.0429630279541,652700,0.0,0.0,ABCB4.SA
71,2024-04-15 00:00:00-03:00,21.034165532226766,21.060557812151867,20.523926532571043,20.73505973815918,715400,0.0,0.0,ABCB4.SA
72,2024-04-16 00:00:00-03:00,20.638289795500675,20.638289795500675,20.27760369161235,20.47114372253418,655700,0.0,0.0,ABCB4.SA
73,2024-04-17 00:00:00-03:00,20.497533336818673,20.655883653419096,19.89052602710038,19.908119201660156,789900,0.0,0.0,ABCB4.SA
74,2024-04-18 00:00:00-03:00,19.90811956272304,20.101659587828127,19.52984029479609,19.61781120300293,713900,0.0,0.0,ABCB4.SA
75,2024-04-19 00:00:00-03:00,19.61781143795358,20.23361787040169,19.609015689377568,20.189632415771484,824800,0.0,0.0,ABCB4.SA
76,2024-04-22 00:00:00-03:00,20.101657825696243,20.435951610215238,19.732174338629267,20.36557388305664,566100,0.0,0.0,ABCB4.SA
77,2024-04-23 00:00:00-03:00,20.330387923094893,20.638289461971784,20.16324017489205,20.629493713378906,292700,0.0,0.0,ABCB4.SA
78,2024-04-24 00:00:00-03:00,20.691074249093916,20.787842586119453,20.207225852215995,20.295198440551758,361000,0.0,0.0,ABCB4.SA
79,2024-04-25 00:00:00-03:00,20.27760282838785,20.365575413431152,20.048876456387756,20.084064483642578,317700,0.0,0.0,ABCB4.SA
80,2024-04-26 00:00:00-03:00,20.19842842558866,20.497534219167722,20.19842842558866,20.295198440551758,258200,0.0,0.0,ABCB4.SA
81,2024-04-29 00:00:00-03:00,20.23361675340798,20.400764492062965,20.09286129283666,20.26880645751953,415600,0.0,0.0,ABCB4.SA
82,2024-04-30 00:00:00-03:00,20.268805556924427,20.761449647034606,20.119252676970238,20.36557388305664,605100,0.0,0.0,ABCB4.SA
83,2024-05-02 00:00:00-03:00,20.20722426301966,20.479939433206614,19.503446967557206,19.784957885742188,1030300,0.0,0.0,ABCB4.SA
84,2024-05-03 00:00:00-03:00,19.952105741736638,20.13684665367173,19.705782847885747,19.96090316772461,1049700,0.0,0.0,ABCB4.SA
85,2024-05-06 00:00:00-03:00,19.952105386817085,20.198426598348835,19.749769626505316,19.899322509765625,698500,0.0,0.0,ABCB4.SA
86,2024-05-07 00:00:00-03:00,19.960903057383867,20.198426845996355,19.82014759822927,20.1368465423584,1184500,0.0,0.0,ABCB4.SA
87,2024-05-08 00:00:00-03:00,20.022482358474967,20.268805238630577,19.85533462987161,20.040077209472656,954900,0.0,0.0,ABCB4.SA
88,2024-05-09 00:00:00-03:00,19.758566702548112,19.758566702548112,19.125167101541958,19.48585319519043,2112900,0.0,0.0,ABCB4.SA
89,2024-05-10 00:00:00-03:00,19.485852430329206,19.74097275276473,19.12516635083843,19.27471923828125,942800,0.0,0.0,ABCB4.SA
90,2024-05-13 00:00:00-03:00,19.28351672437367,19.76736341458057,19.16915354088498,19.714580535888672,1010900,0.0,0.0,ABCB4.SA
91,2024-05-14 00:00:00-03:00,19.740973549724835,19.881729016772557,19.503448069855228,19.70578384399414,611900,0.0,0.0,ABCB4.SA
92,2024-05-15 00:00:00-03:00,19.61781061220788,19.749770326419174,19.503447428220554,19.670595169067383,464300,0.0,0.0,ABCB4.SA
93,2024-05-16 00:00:00-03:00,19.67059475553347,19.881727944720446,19.39787958463838,19.521041870117188,657900,0.0,0.0,ABCB4.SA
94,2024-05-17 00:00:00-03:00,19.52104092637513,19.547431525036757,19.16035486920919,19.397878646850586,866800,0.0,0.0,ABCB4.SA
95,2024-05-20 00:00:00-03:00,19.415475898060365,19.547433941493225,19.274720428006976,19.503448486328125,392000,0.0,0.0,ABCB4.SA
96,2024-05-21 00:00:00-03:00,19.529840000328107,19.732175770853075,19.274719672149896,19.644203186035156,530400,0.0,0.0,ABCB4.SA
97,2024-05-22 00:00:00-03:00,19.573824893966872,19.573824893966872,19.02839622604476,19.098773956298828,638000,0.0,0.0,ABCB4.SA
98,2024-05-23 00:00:00-03:00,19.098775252898115,19.133964959382872,18.764481430980734,18.931629180908203,814400,0.0,0.0,ABCB4.SA
99,2024-05-24 00:00:00-03:00,18.9316276036024,19.22193594616409,18.90523532593773,19.125165939331055,607300,0.0,0.0,ABCB4.SA
100,2024-05-27 00:00:00-03:00,19.22193720062274,19.44186782836914,18.99320914641398,19.44186782836914,334100,0.0,0.0,ABCB4.SA
101,2024-05-28 00:00:00-03:00,19.573826557735288,19.635406867199723,19.213140449782813,19.3450984954834,477100,0.0,0.0,ABCB4.SA
102,2024-05-29 00:00:00-03:00,19.28351669203608,19.336299570639465,18.96681606454086,19.14276123046875,446900,0.0,0.0,ABCB4.SA
103,2024-05-31 00:00:00-03:00,19.133965311521532,19.151560165087723,18.83485951264665,18.993209838867188,1004500,0.0,0.0,ABCB4.SA
104,2024-06-03 00:00:00-03:00,19.002004117252515,19.02839471529161,18.826058966617726,18.89643669128418,1250700,0.0,0.0,ABCB4.SA
105,2024-06-04 00:00:00-03:00,18.93162753184802,18.98441040903988,18.544549183920388,18.685304641723633,1163200,0.0,0.0,ABCB4.SA
106,2024-06-05 00:00:00-03:00,18.685305847193405,18.87884419467451,18.526955527464537,18.562145233154297,633000,0.0,0.0,ABCB4.SA
107,2024-06-06 00:00:00-03:00,18.650118240780397,18.949224034150582,18.597333681053264,18.931629180908203,532700,0.0,0.0,ABCB4.SA
108,2024-06-07 00:00:00-03:00,18.729291880940604,18.773277332535784,18.421388685962057,18.509361267089844,538200,0.0,0.0,ABCB4.SA
109,2024-06-10 00:00:00-03:00,18.51815608824801,18.51815608824801,18.210254586616976,18.254240036010742,871800,0.0,0.0,ABCB4.SA
110,2024-06-11 00:00:00-03:00,18.25424153252648,18.588535337962185,18.25424153252648,18.45657730102539,315100,0.0,0.0,ABCB4.SA
111,2024-06-12 00:00:00-03:00,18.553346512226398,18.553346512226398,18.21905104324827,18.37740135192871,566600,0.0,0.0,ABCB4.SA
112,2024-06-13 00:00:00-03:00,18.36860474628257,18.36860474628257,18.0958912457881,18.32461929321289,758600,0.0,0.0,ABCB4.SA
113,2024-06-14 00:00:00-03:00,18.33341625402523,18.57094172162193,18.21025564620654,18.438982009887695,283000,0.0,0.0,ABCB4.SA
114,2024-06-17 00:00:00-03:00,18.438983359210145,18.526955947491455,18.29822788913507,18.35980987548828,269700,0.0,0.0,ABCB4.SA
115,2024-06-18 00:00:00-03:00,18.421389601052677,18.56214506667426,18.219052151026336,18.298227310180664,574800,0.0,0.0,ABCB4.SA
116,2024-06-19 00:00:00-03:00,18.2894300949931,18.482968425216953,18.1486729627225,18.315820693969727,400600,0.0,0.0,ABCB4.SA
117,2024-06-20 00:00:00-03:00,18.359808675277527,18.623724744931277,18.34221382318396,18.482969284057617,374700,0.0,0.0,ABCB4.SA
118,2024-06-21 00:00:00-03:00,18.482971580734638,18.544551892776596,18.307026393811054,18.412593841552734,386700,0.0,0.0,ABCB4.SA
119,2024-06-24 00:00:00-03:00,18.47417126278561,19.072382791193412,18.403793534616305,19.01959991455078,478200,0.0,0.0,ABCB4.SA
120,2024-06-25 00:00:00-03:00,19.151559862734373,19.661798862535427,19.151559862734373,19.591421127319336,3300800,0.0,0.0,ABCB4.SA
121,2024-06-26 00:00:00-03:00,19.661797321399053,19.758565651025283,19.169153213500977,19.169153213500977,597800,0.0,0.0,ABCB4.SA
122,2024-06-27 00:00:00-03:00,19.24832560528183,19.65299878667781,19.16035470657332,19.600215911865234,689600,0.0,0.0,ABCB4.SA
123,2024-06-28 00:00:00-03:00,19.644204255758208,19.7761623012021,19.441868474215067,19.4770565032959,746800,0.0,0.0,ABCB4.SA
124,2024-07-01 00:00:00-03:00,19.5728210411155,19.636666748961403,19.007344402850237,19.26272201538086,1051000,0.785,0.0,ABCB4.SA
125,2024-07-02 00:00:00-03:00,19.29008151908718,19.581940635426548,19.28096070424938,19.499855041503906,526600,0.0,0.0,ABCB4.SA
126,2024-07-03 00:00:00-03:00,19.572821986642015,19.70051166888461,19.44513404401717,19.518098831176758,422900,0.0,0.0,ABCB4.SA
127,2024-07-04 00:00:00-03:00,19.60018424048602,20.23862742653637,19.60018424048602,20.15654182434082,456100,0.0,0.0,ABCB4.SA
128,2024-07-05 00:00:00-03:00,20.17478168929781,20.57608710976145,20.037971204539556,20.503122329711914,594700,0.0,0.0,ABCB4.SA
129,2024-07-08 00:00:00-03:00,20.503124374835153,20.676416397094727,20.284230012852518,20.676416397094727,486800,0.0,0.0,ABCB4.SA
130,2024-07-09 00:00:00-03:00,20.676416384514177,20.676416384514177,20.348073971931132,20.512245178222656,322500,0.0,0.0,ABCB4.SA
131,2024-07-10 00:00:00-03:00,20.61257253895003,20.840587718054305,20.521366119384766,20.521366119384766,319200,0.0,0.0,ABCB4.SA
132,2024-07-11 00:00:00-03:00,20.649053150767482,20.931793212890625,20.494002766241714,20.931793212890625,315700,0.0,0.0,ABCB4.SA
133,2024-07-12 00:00:00-03:00,20.931793935644713,21.214532267912848,20.749381098274327,21.159809112548828,528100,0.0,0.0,ABCB4.SA
134,2024-07-15 00:00:00-03:00,21.223651760085673,21.442546107507688,21.086843010399118,21.21453094482422,436600,0.0,0.0,ABCB4.SA
135,2024-07-16 00:00:00-03:00,21.205410677264968,21.296617092617602,20.694657186754977,20.9409122467041,1629900,0.0,0.0,ABCB4.SA
136,2024-07-17 00:00:00-03:00,20.995637139686288,21.041239477553766,20.71289707813136,20.9409122467041,649100,0.0,0.0,ABCB4.SA
137,2024-07-18 00:00:00-03:00,20.92267235912987,20.92267235912987,20.54872762177203,20.603450775146484,430600,0.0,0.0,ABCB4.SA
138,2024-07-19 00:00:00-03:00,20.61257159064517,20.85882839025673,20.54872762177203,20.603450775146484,713100,0.0,0.0,ABCB4.SA
139,2024-07-22 00:00:00-03:00,20.57608871063768,21.1324462890625,20.512244740579302,21.1324462890625,445400,0.0,0.0,ABCB4.SA
140,2024-07-23 00:00:00-03:00,21.132445806087638,21.570234510440486,21.123324990628078,21.260133743286133,636300,0.0,0.0,ABCB4.SA
141,2024-07-24 00:00:00-03:00,21.260134963844838,21.260134963844838,20.858829498291016,20.858829498291016,326100,0.0,0.0,ABCB4.SA
142,2024-07-25 00:00:00-03:00,20.858827254409768,20.93179203480837,20.348072052001953,20.348072052001953,417200,0.0,0.0,ABCB4.SA
143,2024-07-26 00:00:00-03:00,20.430158279331426,20.494002246702777,20.229505561933237,20.3936767578125,174700,0.0,0.0,ABCB4.SA
144,2024-07-29 00:00:00-03:00,20.43015836343146,20.466641624718207,20.193022383920542,20.411916732788086,230000,0.0,0.0,ABCB4.SA
145,2024-07-30 00:00:00-03:00,20.411917090389135,20.411917090389135,20.129178768934075,20.275108337402344,535500,0.0,0.0,ABCB4.SA
146,2024-07-31 00:00:00-03:00,20.43927930403032,20.448400119407907,19.901163374076084,20.083576202392578,669400,0.0,0.0,ABCB4.SA
147,2024-08-01 00:00:00-03:00,20.083576346498106,20.65817380246795,20.083576346498106,20.594329833984375,879800,0.0,0.0,ABCB4.SA
148,2024-08-02 00:00:00-03:00,20.694656958932264,21.032118430518985,20.530485761028384,20.749380111694336,487000,0.0,0.0,ABCB4.SA
149,2024-08-05 00:00:00-03:00,20.265988845895855,20.35719526705145,19.983250505969526,20.220386505126953,804300,0.0,0.0,ABCB4.SA
150,2024-08-06 00:00:00-03:00,20.311592212974894,20.512244940776394,20.09269785365933,20.15654182434082,1566100,0.0,0.0,ABCB4.SA
151,2024-08-07 00:00:00-03:00,20.256865243166587,20.48488039487959,19.84643901385372,19.983247756958008,417900,0.0,0.0,ABCB4.SA
152,2024-08-08 00:00:00-03:00,19.919404778102646,20.30247032151299,19.91028396282887,20.22950553894043,561300,0.0,0.0,ABCB4.SA
153,2024-08-09 00:00:00-03:00,20.29334990052183,21.269254538747422,20.22950593198261,21.095962524414062,910100,0.0,0.0,ABCB4.SA
154,2024-08-12 00:00:00-03:00,21.0868436874257,21.168927548178956,20.612571716308594,20.612571716308594,517800,0.0,0.0,ABCB4.SA
155,2024-08-13 00:00:00-03:00,20.712896617835465,20.776742324895864,20.530485530801542,20.55784797668457,502800,0.0,0.0,ABCB4.SA
156,2024-08-14 00:00:00-03:00,20.639931481242474,20.95003223746311,20.411916321645986,20.694656372070312,1408900,0.0,0.0,ABCB4.SA
157,2024-08-15 00:00:00-03:00,20.685535784864314,20.794982088490745,20.484881328853138,20.54872703552246,1004900,0.0,0.0,ABCB4.SA
158,2024-08-16 00:00:00-03:00,20.649052523910417,20.97739491402497,20.475762253232297,20.54872703552246,1140500,0.0,0.0,ABCB4.SA
159,2024-08-19 00:00:00-03:00,20.703776337455643,21.44254493713379,20.63081155896419,21.44254493713379,549000,0.0,0.0,ABCB4.SA
160,2024-08-20 00:00:00-03:00,21.588476219512305,22.1174713407581,21.515511435189357,21.916818618774414,1167200,0.0,0.0,ABCB4.SA
161,2024-08-21 00:00:00-03:00,22.00802323516909,22.00802323516909,21.415184146690198,21.424304962158203,376500,0.0,0.0,ABCB4.SA
162,2024-08-22 00:00:00-03:00,21.4425462571915,21.47902777887435,21.2054102775912,21.3878231048584,1883800,0.0,0.0,ABCB4.SA
163,2024-08-23 00:00:00-03:00,21.524630868969062,21.570233203886964,21.305736530051522,21.479026794433594,509000,0.0,0.0,ABCB4.SA
164,2024-08-26 00:00:00-03:00,21.56111373460131,21.65232014974684,21.296617044258724,21.588476181030273,2698500,0.0,0.0,ABCB4.SA
165,2024-08-27 00:00:00-03:00,21.488149899101636,21.524633162617636,20.995638018959866,21.004758834838867,543200,0.0,0.0,ABCB4.SA
166,2024-08-28 00:00:00-03:00,21.013879633116247,21.342220306396484,20.94091310614536,21.342220306396484,625300,0.0,0.0,ABCB4.SA
167,2024-08-29 00:00:00-03:00,21.342219830573665,21.433426247636085,21.1324462890625,21.1324462890625,563300,0.0,0.0,ABCB4.SA
168,2024-08-30 00:00:00-03:00,21.150686852035914,21.20541000366211,20.849706908665418,21.20541000366211,809300,0.0,0.0,ABCB4.SA
169,2024-09-02 00:00:00-03:00,21.205410734136056,21.433425903320312,20.813224364800302,21.433425903320312,711200,0.0,0.0,ABCB4.SA
170,2024-09-03 00:00:00-03:00,21.26013470317199,21.41518509374962,20.977396369630803,21.342220306396484,775900,0.0,0.0,ABCB4.SA
171,2024-09-04 00:00:00-03:00,21.360462438874578,21.588477622150513,21.2510143854703,21.378704071044922,598900,0.0,0.0,ABCB4.SA
172,2024-09-05 00:00:00-03:00,21.378704161272644,21.624959238140445,21.31486018802478,21.561115264892578,688900,0.0,0.0,ABCB4.SA
173,2024-09-06 00:00:00-03:00,21.579354099401026,21.588474914342193,20.93179189513661,20.986515045166016,634800,0.0,0.0,ABCB4.SA
174,2024-09-09 00:00:00-03:00,21.159808610355697,21.159808610355697,20.90443099202167,21.12332534790039,301800,0.0,0.0,ABCB4.SA
175,2024-09-10 00:00:00-03:00,21.159807066505905,21.369580591465425,20.9956358766706,21.323976516723633,754500,0.0,0.0,ABCB4.SA
176,2024-09-11 00:00:00-03:00,21.360460486026348,21.360460486026348,21.05035972595215,21.05035972595215,615400,0.0,0.0,ABCB4.SA
177,2024-09-12 00:00:00-03:00,21.059480204562323,21.105082540472306,20.895309011898227,21.013877868652344,305900,0.0,0.0,ABCB4.SA
178,2024-09-13 00:00:00-03:00,21.013878827037765,21.433425903320312,21.013878827037765,21.433425903320312,484900,0.0,0.0,ABCB4.SA
179,2024-09-16 00:00:00-03:00,21.433425631000883,21.55199275203848,21.232772910930468,21.251012802124023,288200,0.0,0.0,ABCB4.SA
180,2024-09-17 00:00:00-03:00,21.296617744571204,21.296617744571204,21.04124012168949,21.15068817138672,184100,0.0,0.0,ABCB4.SA
181,2024-09-18 00:00:00-03:00,21.159807389159766,21.269253690973805,21.02299690246582,21.02299690246582,352500,0.0,0.0,ABCB4.SA
182,2024-09-19 00:00:00-03:00,21.05035944813951,21.13244504470039,20.84058591898064,20.86794662475586,297500,0.0,0.0,ABCB4.SA
183,2024-09-20 00:00:00-03:00,21.00475661573713,21.00475661573713,20.630811902293217,20.658172607421875,580400,0.0,0.0,ABCB4.SA
184,2024-09-23 00:00:00-03:00,20.576088911457884,20.722018484334924,20.12917937706973,20.15654182434082,751200,0.0,0.0,ABCB4.SA
185,2024-09-24 00:00:00-03:00,20.247749070786085,20.430160174537377,20.065336227416992,20.065336227416992,479700,0.0,0.0,ABCB4.SA
186,2024-09-25 00:00:00-03:00,20.065334822749858,20.238626837857463,20.037972376274652,20.101818084716797,299200,0.0,0.0,ABCB4.SA
187,2024-09-26 00:00:00-03:00,20.156541238049527,20.28422917569846,20.07445563824159,20.101818084716797,281800,0.0,0.0,ABCB4.SA
188,2024-09-27 00:00:00-03:00,20.083576180906185,20.202143301452697,19.919404983520508,19.919404983520508,530700,0.0,0.0,ABCB4.SA
189,2024-09-30 00:00:00-03:00,19.928525336377895,20.1109364206481,19.80995647896553,19.873802185058594,446100,0.0,0.0,ABCB4.SA
190,2024-10-01 00:00:00-03:00,19.882921344839385,20.047092539110476,19.736991780957883,19.89204216003418,887100,0.0,0.0,ABCB4.SA
191,2024-10-02 00:00:00-03:00,20.0926964025011,20.19302188934716,19.864681243896484,19.864681243896484,787100,0.0,0.0,ABCB4.SA
192,2024-10-03 00:00:00-03:00,19.965006547995635,19.965006547995635,19.527217864990234,19.527217864990234,647800,0.0,0.0,ABCB4.SA
193,2024-10-04 00:00:00-03:00,19.52721928629644,19.6549072265625,19.47249613184209,19.6549072265625,390200,0.0,0.0,ABCB4.SA
194,2024-10-07 00:00:00-03:00,19.654907379681056,19.764355429060114,19.490737915039062,19.490737915039062,273000,0.0,0.0,ABCB4.SA
195,2024-10-08 00:00:00-03:00,19.490737076331193,19.60930419674018,19.41777229309082,19.41777229309082,422000,0.0,0.0,ABCB4.SA
196,2024-10-09 00:00:00-03:00,19.335688108876163,19.372169633356105,18.843174481263606,18.879657745361328,626900,0.0,0.0,ABCB4.SA
197,2024-10-10 00:00:00-03:00,18.934380426627417,19.180637234252526,18.870536455676703,19.17151641845703,676200,0.0,0.0,ABCB4.SA
198,2024-10-11 00:00:00-03:00,18.916138889638006,19.40865250735133,18.916138889638006,19.353927612304688,664400,0.0,0.0,ABCB4.SA
199,2024-10-14 00:00:00-03:00,19.162395118440806,19.47249588918059,19.089430333538367,19.299203872680664,485400,0.0,0.0,ABCB4.SA
200,2024-10-15 00:00:00-03:00,19.390409062766455,19.545459438333385,19.198875427246094,19.198875427246094,434400,0.0,0.0,ABCB4.SA
201,2024-10-16 00:00:00-03:00,19.217117561439192,19.39953038675732,19.125911148780126,19.23535919189453,275000,0.0,0.0,ABCB4.SA
202,2024-10-17 00:00:00-03:00,19.235359652743167,19.290082805802637,18.98910285454906,19.280961990356445,338400,0.0,0.0,ABCB4.SA
203,2024-10-18 00:00:00-03:00,19.28096176073849,19.51809774066234,19.162394640585386,19.426891326904297,733400,0.0,0.0,ABCB4.SA
204,2024-10-21 00:00:00-03:00,19.508977555626128,19.60930478796314,19.34480635348109,19.472496032714844,373900,0.0,0.0,ABCB4.SA
205,2024-10-22 00:00:00-03:00,19.426889925485657,19.536337962023467,19.253599665425615,19.4633731842041,431500,0.0,0.0,ABCB4.SA
206,2024-10-23 00:00:00-03:00,19.426891846863086,19.627546310424805,19.381289508572344,19.627546310424805,468400,0.0,0.0,ABCB4.SA
207,2024-10-24 00:00:00-03:00,19.618426065877852,19.627546881725017,19.390410888551912,19.518098831176758,551900,0.0,0.0,ABCB4.SA
208,2024-10-25 00:00:00-03:00,19.518098371258375,19.591063156698645,19.390410431642326,19.472496032714844,461100,0.0,0.0,ABCB4.SA
209,2024-10-28 00:00:00-03:00,19.51809944864386,19.591064238111734,19.399532318115234,19.399532318115234,353500,0.0,0.0,ABCB4.SA
210,2024-10-29 00:00:00-03:00,19.390411241937837,19.481617662453978,19.18975850849655,19.217119216918945,417200,0.0,0.0,ABCB4.SA
211,2024-10-30 00:00:00-03:00,19.244480384567744,19.372168321024223,19.18975723174606,19.26272201538086,442700,0.0,0.0,ABCB4.SA
212,2024-10-31 00:00:00-03:00,19.29008244668867,19.408651305664122,19.08030891418457,19.08030891418457,966800,0.0,0.0,ABCB4.SA
213,2024-11-01 00:00:00-03:00,19.235360489184043,19.235360489184043,18.679002900097217,18.852294921875,1369100,0.0,0.0,ABCB4.SA
214,2024-11-04 00:00:00-03:00,18.879657836691308,19.162396176345272,18.879657836691308,19.062068939208984,540800,0.0,0.0,ABCB4.SA
215,2024-11-05 00:00:00-03:00,19.06206774378819,19.253601389980748,18.952621437064742,19.125911712646484,883200,0.0,0.0,ABCB4.SA
216,2024-11-06 00:00:00-03:00,19.062068939208984,19.098552203483194,18.615159389556663,19.062068939208984,746300,0.0,0.0,ABCB4.SA
217,2024-11-07 00:00:00-03:00,19.071188051856012,19.29008239909645,18.660760063519174,18.75196647644043,927500,0.0,0.0,ABCB4.SA
218,2024-11-08 00:00:00-03:00,18.84317493151467,18.85229574775704,18.405386189587887,18.761089324951172,1268900,0.0,0.0,ABCB4.SA
219,2024-11-11 00:00:00-03:00,18.834054115272302,18.870537380241778,18.56955740271489,18.761089324951172,695200,0.0,0.0,ABCB4.SA
220,2024-11-12 00:00:00-03:00,18.861414282551483,18.861414282551483,18.52395108087415,18.560434341430664,512800,0.0,0.0,ABCB4.SA
221,2024-11-13 00:00:00-03:00,18.560435196560945,18.879656782667436,18.496591227263185,18.797571182250977,856600,0.0,0.0,ABCB4.SA
222,2024-11-14 00:00:00-03:00,18.815810216312475,19.025585485382656,18.66988065324829,18.89789581298828,458900,0.0,0.0,ABCB4.SA
223,2024-11-18 00:00:00-03:00,18.870535609548675,18.952621208409777,18.788450010687576,18.93437957763672,691300,0.0,0.0,ABCB4.SA
224,2024-11-19 00:00:00-03:00,18.907018339121645,19.089431179268125,18.77020957882067,19.03470802307129,473700,0.0,0.0,ABCB4.SA
225,2024-11-21 00:00:00-03:00,18.970860713732264,18.998223159335346,18.569555282592773,18.569555282592773,528300,0.0,0.0,ABCB4.SA
226,2024-11-22 00:00:00-03:00,18.651640664197288,19.052946090698242,18.50571110190283,19.052946090698242,541900,0.0,0.0,ABCB4.SA
227,2024-11-25 00:00:00-03:00,18.979981309551015,19.24447972847072,18.979981309551015,19.052946090698242,923100,0.0,0.0,ABCB4.SA
228,2024-11-26 00:00:00-03:00,19.153274800524628,19.563702813525822,19.07118919792439,19.3356876373291,467400,0.0,0.0,ABCB4.SA
229,2024-11-27 00:00:00-03:00,19.32656717561144,19.42689267203601,18.870536814863012,19.03470802307129,805300,0.0,0.0,ABCB4.SA
230,2024-11-28 00:00:00-03:00,18.879657215230736,18.979982709446823,18.423626864520987,18.51483154296875,626300,0.0,0.0,ABCB4.SA
231,2024-11-29 00:00:00-03:00,18.523951645903658,18.5969164296247,18.18649017355047,18.450986862182617,708300,0.0,0.0,ABCB4.SA
232,2024-12-02 00:00:00-03:00,18.51483253673665,18.5330741692524,18.19561266580016,18.423627853393555,1236100,0.0,0.0,ABCB4.SA
233,2024-12-03 00:00:00-03:00,18.332419306218917,18.68812240097089,18.332419306218917,18.569555282592773,598200,0.0,0.0,ABCB4.SA
234,2024-12-04 00:00:00-03:00,18.606037617283942,18.888775942407374,18.587795986084316,18.815811157226562,455700,0.0,0.0,ABCB4.SA
235,2024-12-05 00:00:00-03:00,18.77932942559049,19.13503253193878,18.77932942559049,18.788450241088867,559000,0.0,0.0,ABCB4.SA
236,2024-12-06 00:00:00-03:00,18.742845372719994,18.806691078514586,18.232091903686523,18.232091903686523,494600,0.0,0.0,ABCB4.SA
237,2024-12-09 00:00:00-03:00,18.378021749119146,19.007344084696424,18.305056966705667,18.75196647644043,820600,0.0,0.0,ABCB4.SA
238,2024-12-10 00:00:00-03:00,18.92525920480663,18.94350083600626,18.350661738959953,18.815811157226562,806100,0.0,0.0,ABCB4.SA
239,2024-12-11 00:00:00-03:00,18.815810820546883,19.335686862727705,18.74284603667166,19.116790771484375,904800,0.0,0.0,ABCB4.SA
240,2024-12-12 00:00:00-03:00,18.97998166255153,19.180636119151497,18.85229372807347,18.9161376953125,898600,0.0,0.0,ABCB4.SA
241,2024-12-13 00:00:00-03:00,18.916139269841267,19.080310479045455,18.861416113312465,18.879657745361328,455000,0.0,0.0,ABCB4.SA
242,2024-12-16 00:00:00-03:00,18.888776674594098,18.97998309450998,18.542194366455078,18.542194366455078,678800,0.0,0.0,ABCB4.SA
243,2024-12-17 00:00:00-03:00,18.54219379724039,18.797571417241628,18.53307298156702,18.651641845703125,647300,0.0,0.0,ABCB4.SA
244,2024-12-18 00:00:00-03:00,18.651642395857355,18.66076147218199,18.213851928710938,18.213851928710938,1020800,0.0,0.0,ABCB4.SA
245,2024-12-19 00:00:00-03:00,18.30505810993539,18.441866868052756,18.204730875494377,18.35978126525879,381700,0.0,0.0,ABCB4.SA
246,2024-12-20 00:00:00-03:00,18.22297264344467,18.660761368541884,18.22297264344467,18.53307342529297,1141000,0.0,0.0,ABCB4.SA
247,2024-12-23 00:00:00-03:00,18.68812309865057,18.73372717635824,18.414505590875326,18.469228744506836,568600,0.0,0.0,ABCB4.SA
248,2024-12-26 00:00:00-03:00,18.514831694162236,19.12591243868814,18.514831694162236,18.852294921875,4578600,0.0,0.0,ABCB4.SA
249,2024-12-27 00:00:00-03:00,18.87965629946269,19.271840920771055,18.733726733483387,18.92525863647461,1051500,0.0,0.0,ABCB4.SA
250,2024-12-30 00:00:00-03:00,18.94428825225608,18.94428825225608,18.373390197753906,18.373390197753906,1697900,0.86,0.0,ABCB4.SA
251,2025-01-02 00:00:00-03:00,18.649325193384,18.649325193384,18.030853049219807,18.249696731567383,1073300,0.0,0.0,ABCB4.SA
252,2025-01-03 00:00:00-03:00,18.154547308749475,18.335332093761505,18.040366966943207,18.068912506103516,744500,0.0,0.0,ABCB4.SA
253,2025-01-06 00:00:00-03:00,18.459024996670976,18.459024996670976,18.07842689861449,18.373390197753906,705300,0.0,0.0,ABCB4.SA
254,2025-01-07 00:00:00-03:00,18.401937080220357,18.65884149574245,18.401937080220357,18.554176330566406,560200,0.0,0.0,ABCB4.SA
255,2025-01-08 00:00:00-03:00,18.65883977653256,18.76350311722999,18.17357653020314,18.24018096923828,438400,0.0,0.0,ABCB4.SA
256,2025-01-09 00:00:00-03:00,18.268727235758167,18.62077980323368,18.011822833653383,18.126001358032227,560500,0.0,0.0,ABCB4.SA
257,2025-01-10 00:00:00-03:00,18.011822346174743,18.316300822724376,18.011822346174743,18.116487503051758,501800,0.0,0.0,ABCB4.SA
258,2025-01-13 00:00:00-03:00,18.164061966842795,18.164061966842795,17.850068304436377,17.869098663330078,557000,0.0,0.0,ABCB4.SA
259,2025-01-14 00:00:00-03:00,17.87861509880164,18.19260878326703,17.85006955845568,18.14503288269043,616300,0.0,0.0,ABCB4.SA
260,2025-01-15 00:00:00-03:00,18.192607450134243,18.90622957297447,18.192607450134243,18.725444793701172,669400,0.0,0.0,ABCB4.SA
261,2025-01-16 00:00:00-03:00,18.72544519213439,18.83962371791073,18.51611487015286,18.573205947875977,586100,0.0,0.0,ABCB4.SA
262,2025-01-17 00:00:00-03:00,18.582720876017433,18.811079739314685,18.4590253574596,18.601749420166016,1507000,0.0,0.0,ABCB4.SA
263,2025-01-20 00:00:00-03:00,18.658841513105656,18.801565583583514,18.544661167822355,18.744476318359375,347300,0.0,0.0,ABCB4.SA
264,2025-01-21 00:00:00-03:00,18.696900007315392,18.839624074655895,18.649325923146883,18.801565170288086,395600,0.0,0.0,ABCB4.SA
265,2025-01-22 00:00:00-03:00,18.934773498154712,18.982349395751953,18.773019075993943,18.982349395751953,504400,0.0,0.0,ABCB4.SA
266,2025-01-23 00:00:00-03:00,19.010892724664046,19.134588241013084,18.4780553864852,18.563690185546875,744500,0.0,0.0,ABCB4.SA
267,2025-01-24 00:00:00-03:00,18.563690517033933,18.677869041265097,18.4590253574596,18.601749420166016,561300,0.0,0.0,ABCB4.SA
268,2025-01-27 00:00:00-03:00,18.506602197834944,19.096528837701044,18.506602197834944,19.029924392700195,495500,0.0,0.0,ABCB4.SA
269,2025-01-28 00:00:00-03:00,19.029923464875047,19.039438644387676,18.763503883026225,18.88719940185547,429500,0.0,0.0,ABCB4.SA
270,2025-01-29 00:00:00-03:00,18.887198977082225,18.94428823803913,18.75398828173626,18.849138259887695,241700,0.0,0.0,ABCB4.SA
271,2025-01-30 00:00:00-03:00,18.7825350940093,19.372463546706385,18.7825350940093,19.315372467041016,675600,0.0,0.0,ABCB4.SA
272,2025-01-31 00:00:00-03:00,19.34391825222306,19.524703043786367,19.191679000854492,19.191679000854492,422500,0.0,0.0,ABCB4.SA
273,2025-02-03 00:00:00-03:00,19.191677661712312,19.191677661712312,18.972833979994686,19.106042861938477,580000,0.0,0.0,ABCB4.SA
274,2025-02-04 00:00:00-03:00,19.11555817787216,19.772091042549228,19.001377839079876,19.553245544433594,831300,0.0,0.0,ABCB4.SA
275,2025-02-05 00:00:00-03:00,19.638881308001583,20.152690135514067,19.56276168335177,20.076570510864258,731000,0.0,0.0,ABCB4.SA
276,2025-02-06 00:00:00-03:00,20.114629425120594,20.333474934071152,19.943359815870163,20.171720504760742,673900,0.0,0.0,ABCB4.SA
277,2025-02-07 00:00:00-03:00,20.07657007638057,20.238324502115216,19.753061224911278,19.943359375,596100,0.0,0.0,ABCB4.SA
278,2025-02-10 00:00:00-03:00,19.981419538158292,20.209778400814198,19.90529991727299,20.124143600463867,384400,0.0,0.0,ABCB4.SA
279,2025-02-11 00:00:00-03:00,19.695972472378706,19.800635822450747,19.029924392700195,19.029924392700195,1895200,0.0,0.0,ABCB4.SA
280,2025-02-12 00:00:00-03:00,19.020409397326826,19.410522705976636,18.79205052017828,19.286828994750977,1117200,0.0,0.0,ABCB4.SA
281,2025-02-13 00:00:00-03:00,19.28682801655766,19.305858375730278,18.649325502954486,18.763504028320312,1282600,0.0,0.0,ABCB4.SA
282,2025-02-14 00:00:00-03:00,18.773019748770757,19.372463376134036,18.773019748770757,19.248767852783203,694000,0.0,0.0,ABCB4.SA
283,2025-02-17 00:00:00-03:00,19.258282883710983,19.705485444683674,19.258282883710983,19.37246322631836,594900,0.0,0.0,ABCB4.SA
284,2025-02-18 00:00:00-03:00,19.343917866637714,19.63888118343038,19.315372327011975,19.534217834472656,310300,0.0,0.0,ABCB4.SA
285,2025-02-19 00:00:00-03:00,19.49615590357287,19.515186262140908,19.229736328125,19.229736328125,598900,0.0,0.0,ABCB4.SA
286,2025-02-20 00:00:00-03:00,19.229736579224856,19.381977634922215,18.982349173949544,19.20119285583496,509600,0.0,0.0,ABCB4.SA
287,2025-02-21 00:00:00-03:00,19.229737482895064,19.229737482895064,18.915743807006265,19.15361785888672,420400,0.0,0.0,ABCB4.SA
288,2025-02-24 00:00:00-03:00,19.134589719021967,19.191678984527854,18.982350467782915,19.001379013061523,383900,0.0,0.0,ABCB4.SA
289,2025-02-25 00:00:00-03:00,18.982349501339705,19.2392520904541,18.96331914219495,19.2392520904541,495300,0.0,0.0,ABCB4.SA
290,2025-02-26 00:00:00-03:00,19.23925290767929,19.420037697563746,18.93477440776969,19.029924392700195,877500,0.0,0.0,ABCB4.SA
291,2025-02-27 00:00:00-03:00,19.029924232649293,19.229737565971313,19.02040905275277,19.058469772338867,433400,0.0,0.0,ABCB4.SA
292,2025-02-28 00:00:00-03:00,19.058469150991066,19.220223574288436,18.725445124810015,18.763504028320312,584400,0.0,0.0,ABCB4.SA
293,2025-03-05 00:00:00-03:00,18.763503711045168,19.039438469877478,18.73495998760383,18.820594787597656,424700,0.0,0.0,ABCB4.SA
294,2025-03-06 00:00:00-03:00,18.93477343352677,19.277312635718054,18.734960108805137,19.17264747619629,1239000,0.0,0.0,ABCB4.SA
295,2025-03-07 00:00:00-03:00,19.14410340530384,19.201192666355173,18.839623111748676,19.039438247680664,743100,0.0,0.0,ABCB4.SA
296,2025-03-10 00:00:00-03:00,19.001378073473212,19.001378073473212,18.67786922687847,18.763504028320312,709900,0.0,0.0,ABCB4.SA
297,2025-03-11 00:00:00-03:00,18.82059459837935,18.82059459837935,18.630294641454103,18.65884017944336,383200,0.0,0.0,ABCB4.SA
298,2025-03-12 00:00:00-03:00,18.696900176255753,18.8681697845459,18.677869816482406,18.8681697845459,308000,0.0,0.0,ABCB4.SA
299,2025-03-13 00:00:00-03:00,18.839623857729503,19.2582826899647,18.782534594417644,19.115558624267578,424800,0.0,0.0,ABCB4.SA
300,2025-03-14 00:00:00-03:00,19.201192470681598,20.1431734351861,19.106042493342436,19.92432975769043,761900,0.0,0.0,ABCB4.SA
301,2025-03-17 00:00:00-03:00,20.067054324400736,20.18123284823096,19.762575841073588,20.028993606567383,514400,0.0,0.0,ABCB4.SA
302,2025-03-18 00:00:00-03:00,20.028993496488766,20.152689013932413,19.772090911865234,19.772090911865234,390400,0.0,0.0,ABCB4.SA
303,2025-03-19 00:00:00-03:00,19.791119666466855,19.96238926792853,19.43906709887113,19.458097457885742,925700,0.0,0.0,ABCB4.SA
304,2025-03-20 00:00:00-03:00,19.410521120813186,19.686455875771983,19.27731224039715,19.324886322021484,390100,0.0,0.0,ABCB4.SA
305,2025-03-21 00:00:00-03:00,19.220224315575294,19.505672454833984,19.220224315575294,19.505672454833984,354900,0.0,0.0,ABCB4.SA
306,2025-03-24 00:00:00-03:00,19.50567244559031,19.933846469110442,19.334402836182257,19.4105224609375,289900,0.0,0.0,ABCB4.SA
307,2025-03-25 00:00:00-03:00,19.410521509679853,19.848210691698792,19.391491150714916,19.743545532226562,610400,0.0,0.0,ABCB4.SA
308,2025-03-26 00:00:00-03:00,19.762576050383466,19.867239395863866,19.600821627548378,19.71500015258789,245600,0.0,0.0,ABCB4.SA
309,2025-03-27 00:00:00-03:00,19.69597144964914,19.97190439530104,19.63888037275433,19.743545532226562,327200,0.0,0.0,ABCB4.SA
310,2025-03-28 00:00:00-03:00,19.753061876841045,20.076570738987417,19.65791189123887,19.762577056884766,729500,0.0,0.0,ABCB4.SA
311,2025-03-31 00:00:00-03:00,19.695972424229783,19.705485789348064,19.36294838520464,19.505672454833984,309500,0.0,0.0,ABCB4.SA
312,2025-04-01 00:00:00-03:00,19.49615572644265,19.64839496393403,19.163131713867188,19.163131713867188,691000,0.0,0.0,ABCB4.SA
313,2025-04-02 00:00:00-03:00,19.220224353460054,19.343918063426628,18.83011104878123,18.93477439880371,792600,0.0,0.0,ABCB4.SA
314,2025-04-03 00:00:00-03:00,18.877685333796606,19.515187879997296,18.849139793578058,19.38197898864746,499500,0.0,0.0,ABCB4.SA
315,2025-04-04 00:00:00-03:00,19.182163804471035,19.505672667062782,18.801565676373404,19.001379013061523,524600,0.0,0.0,ABCB4.SA
316,2025-04-07 00:00:00-03:00,18.963319575375273,19.096528462761558,18.554175918591707,18.611265182495117,522200,0.0,0.0,ABCB4.SA
317,2025-04-08 00:00:00-03:00,18.677869860342653,18.925259093472125,18.39242172241211,18.39242172241211,448500,0.0,0.0,ABCB4.SA
318,2025-04-09 00:00:00-03:00,18.39242205943059,18.763505008506936,18.211637267516586,18.525630950927734,611800,0.0,0.0,ABCB4.SA
319,2025-04-10 00:00:00-03:00,18.56369108751945,18.63981071095779,18.31630185763612,18.516115188598633,576100,0.0,0.0,ABCB4.SA
320,2025-04-11 00:00:00-03:00,18.46854042846016,18.52562969024038,18.306786007720447,18.344846725463867,409000,0.0,0.0,ABCB4.SA
321,2025-04-14 00:00:00-03:00,18.420966109916037,18.620779431002184,18.420966109916037,18.46854019165039,325100,0.0,0.0,ABCB4.SA
322,2025-04-15 00:00:00-03:00,18.506601845196446,18.906230322421735,18.506601845196446,18.7064151763916,616200,0.0,0.0,ABCB4.SA
323,2025-04-16 00:00:00-03:00,18.782534628086758,18.849139071209148,18.601749843301018,18.63981056213379,466400,0.0,0.0,ABCB4.SA
324,2025-04-17 00:00:00-03:00,18.706415028402162,18.830110549926758,18.592236501432495,18.830110549926758,419600,0.0,0.0,ABCB4.SA
325,2025-04-22 00:00:00-03:00,18.744474792656124,19.258281767522192,18.73495961342075,19.067983627319336,520900,0.0,0.0,ABCB4.SA
326,2025-04-23 00:00:00-03:00,19.1631318752733,19.753060286647354,19.1631318752733,19.70548439025879,575400,0.0,0.0,ABCB4.SA
327,2025-04-24 00:00:00-03:00,19.743546453841844,19.971905327575957,19.600822384612396,19.88627052307129,564000,0.0,0.0,ABCB4.SA
328,2025-04-25 00:00:00-03:00,19.971905531353926,20.419108103458438,19.75306183531353,20.33347511291504,602600,0.0,0.0,ABCB4.SA
329,2025-04-28 00:00:00-03:00,20.333474934071152,20.39056419887629,20.02899462049538,20.171720504760742,447500,0.0,0.0,ABCB4.SA
330,2025-04-29 00:00:00-03:00,20.3525034149264,20.55231856336671,20.200264166036167,20.457168579101562,351800,0.0,0.0,ABCB4.SA
331,2025-04-30 00:00:00-03:00,20.409594513427244,20.752131916332335,20.266868629478868,20.64746856689453,569100,0.0,0.0,ABCB4.SA
332,2025-05-02 00:00:00-03:00,20.647466975381306,20.79970621267892,20.42862148378548,20.590375900268555,558200,0.0,0.0,ABCB4.SA
333,2025-05-05 00:00:00-03:00,20.79019203692646,20.79019203692646,20.409593925312958,20.542802810668945,409200,0.0,0.0,ABCB4.SA
334,2025-05-06 00:00:00-03:00,20.46668316363967,20.57134832477014,20.25735465621367,20.352502822875977,306900,0.0,0.0,ABCB4.SA
335,2025-05-07 00:00:00-03:00,20.35250249133479,20.476198009716708,20.1717195257534,20.314443588256836,331600,0.0,0.0,ABCB4.SA
336,2025-05-08 00:00:00-03:00,20.485713535328422,20.81873574851832,20.342987655578522,20.44765281677246,427800,0.0,0.0,ABCB4.SA
337,2025-05-09 00:00:00-03:00,20.076569540563497,20.400078383398764,19.410521495941495,19.648395538330078,1810100,0.0,0.0,ABCB4.SA
338,2025-05-12 00:00:00-03:00,19.93384552001953,20.32395880517045,19.77209109826172,19.93384552001953,663900,0.0,0.0,ABCB4.SA
339,2025-05-13 00:00:00-03:00,20.057538783065123,20.51425649981576,19.914814723434908,20.371532440185547,553300,0.0,0.0,ABCB4.SA
340,2025-05-14 00:00:00-03:00,20.50474282450453,20.542803544442858,20.209779504322558,20.42862319946289,468200,0.0,0.0,ABCB4.SA
341,2025-05-15 00:00:00-03:00,20.428621904892513,20.733102200599035,20.409593360964212,20.628437042236328,414900,0.0,0.0,ABCB4.SA
342,2025-05-16 00:00:00-03:00,20.52377281307132,20.86631202697754,20.457168369219552,20.86631202697754,563300,0.0,0.0,ABCB4.SA
343,2025-05-19 00:00:00-03:00,20.79019179596807,20.904370320711315,20.590376655414996,20.66649627685547,317200,0.0,0.0,ABCB4.SA
344,2025-05-20 00:00:00-03:00,20.685527250679936,20.961462020874023,20.409594295320833,20.961462020874023,499700,0.0,0.0,ABCB4.SA
345,2025-05-21 00:00:00-03:00,21.009035840802547,21.142244726897545,20.809222511660053,20.894855499267578,457800,0.0,0.0,ABCB4.SA
346,2025-05-22 00:00:00-03:00,20.80922275231119,20.923401280331632,20.695042409455766,20.771162033081055,310900,0.0,0.0,ABCB4.SA
347,2025-05-23 00:00:00-03:00,20.837765336222848,20.837765336222848,20.228808380555332,20.371532440185547,394800,0.0,0.0,ABCB4.SA
348,2025-05-26 00:00:00-03:00,20.552318519816254,20.951947001015057,20.428622996083174,20.93291664123535,288000,0.0,0.0,ABCB4.SA
349,2025-05-27 00:00:00-03:00,20.980491064196297,21.132730315219057,20.83776699321684,21.066125869750977,522000,0.0,0.0,ABCB4.SA
350,2025-05-28 00:00:00-03:00,21.075641049794278,21.075641049794278,20.818736633130236,21.066125869750977,374900,0.0,0.0,ABCB4.SA
351,2025-05-29 00:00:00-03:00,21.0661255746625,21.0661255746625,20.457168579101562,20.457168579101562,426300,0.0,0.0,ABCB4.SA
352,2025-05-30 00:00:00-03:00,20.49522840642401,20.52377213007632,19.93384552001953,19.93384552001953,615500,0.0,0.0,ABCB4.SA
353,2025-06-02 00:00:00-03:00,19.95287348050777,20.381047471116574,19.86723868238601,19.92432975769043,351100,0.0,0.0,ABCB4.SA
354,2025-06-03 00:00:00-03:00,20.076570087836927,20.238324513663876,19.876754943069535,20.038509368896484,375400,0.0,0.0,ABCB4.SA
355,2025-06-04 00:00:00-03:00,20.07656971597065,20.476198183268384,20.07656971597065,20.38104820251465,485300,0.0,0.0,ABCB4.SA
356,2025-06-05 00:00:00-03:00,20.342988478103734,20.514258088860572,20.238325127512905,20.33347511291504,355300,0.0,0.0,ABCB4.SA
357,2025-06-06 00:00:00-03:00,20.33347338016902,20.457167080266547,20.076568985926237,20.40007781982422,506800,0.0,0.0,ABCB4.SA
358,2025-06-09 00:00:00-03:00,20.26686764852108,20.30492836635443,19.895784723820487,20.028993606567383,320900,0.0,0.0,ABCB4.SA
359,2025-06-10 00:00:00-03:00,20.152689954457887,20.152689954457887,19.905300722859845,19.91481590270996,256500,0.0,0.0,ABCB4.SA
360,2025-06-11 00:00:00-03:00,19.990934213911096,20.152688631070994,19.791119079850105,20.019479751586914,268600,0.0,0.0,ABCB4.SA
361,2025-06-12 00:00:00-03:00,19.933846043909007,20.228809356689453,19.88627014517992,20.228809356689453,240600,0.0,0.0,ABCB4.SA
362,2025-06-13 00:00:00-03:00,20.228809333928762,20.228809333928762,19.91481566200998,20.038509368896484,248600,0.0,0.0,ABCB4.SA
363,2025-06-16 00:00:00-03:00,20.0385097277576,20.53328819383433,20.0385097277576,20.362018585205078,265300,0.0,0.0,ABCB4.SA
364,2025-06-17 00:00:00-03:00,20.35250322451673,20.4000791236217,20.190748797229787,20.20026397705078,211100,0.0,0.0,ABCB4.SA
365,2025-06-18 00:00:00-03:00,20.238323559841998,20.47619759750398,20.11462804395023,20.371532440185547,396000,0.0,0.0,ABCB4.SA
366,2025-06-20 00:00:00-03:00,20.438137877929133,20.438137877929133,20.114629025731794,20.323959350585938,419300,0.0,0.0,ABCB4.SA
367,2025-06-23 00:00:00-03:00,20.276383611295408,20.400079134197483,20.190748807697048,20.295413970947266,404200,0.0,0.0,ABCB4.SA
368,2025-06-24 00:00:00-03:00,20.33347356925081,20.609406509650373,20.247838770373562,20.561832427978516,294200,0.0,0.0,ABCB4.SA
369,2025-06-25 00:00:00-03:00,20.9329164814224,21.170790532347656,20.8377664980853,20.961462020874023,3225400,0.0,0.0,ABCB4.SA
370,2025-06-26 00:00:00-03:00,21.075640123236045,21.370603432270656,20.875826795616295,20.92340087890625,795300,0.0,0.0,ABCB4.SA
371,2025-06-27 00:00:00-03:00,20.980490745382657,21.20885143328172,20.92340148082539,21.12321662902832,921800,0.0,0.0,ABCB4.SA
372,2025-06-30 00:00:00-03:00,21.13272934390617,21.551388172393672,21.03758117751646,21.303998947143555,2956400,0.0,0.0,ABCB4.SA
373,2025-07-01 00:00:00-03:00,21.75,22.040000915527344,21.540000915527344,21.899999618530273,1687400,1.086,0.0,ABCB4.SA
374,2025-07-02 00:00:00-03:00,21.899999618530273,21.959999084472656,21.299999237060547,21.790000915527344,800000,0.0,0.0,ABCB4.SA
375,2025-07-03 00:00:00-03:00,21.690000534057617,21.860000610351562,21.56999969482422,21.75,530300,0.0,0.0,ABCB4.SA
376,2025-07-04 00:00:00-03:00,21.700000762939453,21.739999771118164,21.600000381469727,21.639999389648438,216400,0.0,0.0,ABCB4.SA
377,2025-07-07 00:00:00-03:00,21.520000457763672,21.719999313354492,21.459999084472656,21.469999313354492,243800,0.0,0.0,ABCB4.SA
378,2025-07-08 00:00:00-03:00,21.5,21.600000381469727,21.389999389648438,21.479999542236328,466200,0.0,0.0,ABCB4.SA
379,2025-07-09 00:00:00-03:00,21.420000076293945,21.520000457763672,21.18000030517578,21.3799991607666,433900,0.0,0.0,ABCB4.SA
380,2025-07-10 00:00:00-03:00,21.149999618530273,21.329999923706055,21.079999923706055,21.100000381469727,821900,0.0,0.0,ABCB4.SA
381,2025-07-11 00:00:00-03:00,21.110000610351562,21.190000534057617,20.93000030517578,20.979999542236328,545600,0.0,0.0,ABCB4.SA
382,2025-07-14 00:00:00-03:00,20.979999542236328,21.149999618530273,20.81999969482422,21.149999618530273,537300,0.0,0.0,ABCB4.SA
383,2025-07-15 00:00:00-03:00,21.149999618530273,21.190000534057617,20.969999313354492,21.170000076293945,492000,0.0,0.0,ABCB4.SA
384,2025-07-16 00:00:00-03:00,21.219999313354492,21.299999237060547,20.90999984741211,21.040000915527344,1842700,0.0,0.0,ABCB4.SA
385,2025-07-17 00:00:00-03:00,21.040000915527344,21.170000076293945,20.75,20.90999984741211,480600,0.0,0.0,ABCB4.SA
386,2025-07-18 00:00:00-03:00,20.889999389648438,21.059999465942383,20.729999542236328,20.799999237060547,873400,0.0,0.0,ABCB4.SA
387,2025-07-21 00:00:00-03:00,20.75,20.780000686645508,20.209999084472656,20.360000610351562,874300,0.0,0.0,ABCB4.SA
388,2025-07-22 00:00:00-03:00,20.299999237060547,20.510000228881836,20.299999237060547,20.489999771118164,402100,0.0,0.0,ABCB4.SA
389,2025-07-23 00:00:00-03:00,20.360000610351562,20.850000381469727,20.360000610351562,20.770000457763672,662500,0.0,0.0,ABCB4.SA
390,2025-07-24 00:00:00-03:00,20.700000762939453,20.729999542236328,20.450000762939453,20.56999969482422,586800,0.0,0.0,ABCB4.SA
391,2025-07-25 00:00:00-03:00,20.6299991607666,20.68000030517578,20.459999084472656,20.600000381469727,316700,0.0,0.0,ABCB4.SA
392,2025-07-28 00:00:00-03:00,20.59000015258789,20.670000076293945,20.34000015258789,20.360000610351562,353400,0.0,0.0,ABCB4.SA
393,2025-07-29 00:00:00-03:00,20.31999969482422,20.559999465942383,20.31999969482422,20.469999313354492,252800,0.0,0.0,ABCB4.SA
394,2025-07-30 00:00:00-03:00,20.5,21.280000686645508,20.399999618530273,21.280000686645508,681500,0.0,0.0,ABCB4.SA
395,2025-07-31 00:00:00-03:00,21.25,21.899999618530273,21.06999969482422,21.59000015258789,866600,0.0,0.0,ABCB4.SA
396,2025-08-01 00:00:00-03:00,21.579999923706055,21.93000030517578,21.100000381469727,21.239999771118164,508000,0.0,0.0,ABCB4.SA
397,2025-08-04 00:00:00-03:00,21.239999771118164,21.489999771118164,20.8700008392334,20.889999389648438,377200,0.0,0.0,ABCB4.SA
398,2025-08-05 00:00:00-03:00,20.8799991607666,21.229999542236328,20.780000686645508,21.229999542236328,522300,0.0,0.0,ABCB4.SA
399,2025-08-06 00:00:00-03:00,21.350000381469727,21.729999542236328,21.219999313354492,21.559999465942383,395400,0.0,0.0,ABCB4.SA
400,2025-08-07 00:00:00-03:00,21.540000915527344,21.6299991607666,21.360000610351562,21.3700008392334,222500,0.0,0.0,ABCB4.SA
401,2025-08-08 00:00:00-03:00,21.639999389648438,21.700000762939453,21.440000534057617,21.56999969482422,245100,0.0,0.0,ABCB4.SA
402,2025-08-11 00:00:00-03:00,21.700000762939453,21.700000762939453,21.5,21.68000030517578,186900,0.0,0.0,ABCB4.SA
403,2025-08-12 00:00:00-03:00,21.68000030517578,22.350000381469727,21.469999313354492,22.100000381469727,739900,0.0,0.0,ABCB4.SA
404,2025-08-13 00:00:00-03:00,22.09000015258789,22.25,21.639999389648438,21.739999771118164,264000,0.0,0.0,ABCB4.SA
405,2025-08-14 00:00:00-03:00,21.729999542236328,21.780000686645508,21.399999618530273,21.469999313354492,227400,0.0,0.0,ABCB4.SA
406,2025-08-15 00:00:00-03:00,21.420000076293945,21.93000030517578,21.420000076293945,21.93000030517578,325400,0.0,0.0,ABCB4.SA
407,2025-08-18 00:00:00-03:00,21.920000076293945,21.969999313354492,21.709999084472656,21.920000076293945,317900,0.0,0.0,ABCB4.SA
408,2025-08-19 00:00:00-03:00,21.799999237060547,21.799999237060547,21.280000686645508,21.440000534057617,268500,0.0,0.0,ABCB4.SA
409,2025-08-20 00:00:00-03:00,21.450000762939453,21.860000610351562,21.299999237060547,21.40999984741211,283600,0.0,0.0,ABCB4.SA
410,2025-08-21 00:00:00-03:00,21.469999313354492,21.5,21.15999984741211,21.200000762939453,278300,0.0,0.0,ABCB4.SA
411,2025-08-22 00:00:00-03:00,21.209999084472656,21.709999084472656,21.1200008392334,21.649999618530273,410300,0.0,0.0,ABCB4.SA
412,2025-08-25 00:00:00-03:00,21.709999084472656,21.90999984741211,21.6200008392334,21.75,465400,0.0,0.0,ABCB4.SA
413,2025-08-26 00:00:00-03:00,21.739999771118164,21.829999923706055,21.579999923706055,21.700000762939453,281000,0.0,0.0,ABCB4.SA
414,2025-08-27 00:00:00-03:00,21.700000762939453,22.010000228881836,21.600000381469727,22.0,261700,0.0,0.0,ABCB4.SA
415,2025-08-28 00:00:00-03:00,22.06999969482422,22.18000030517578,21.860000610351562,22.0,450600,0.0,0.0,ABCB4.SA
416,2025-08-29 00:00:00-03:00,22.0,22.110000610351562,21.93000030517578,22.040000915527344,345600,0.0,0.0,ABCB4.SA
417,2025-09-01 00:00:00-03:00,22.059999465942383,22.479999542236328,21.979999542236328,22.309999465942383,441100,0.0,0.0,ABCB4.SA
418,2025-09-02 00:00:00-03:00,22.239999771118164,22.649999618530273,22.079999923706055,22.610000610351562,534800,0.0,0.0,ABCB4.SA
419,2025-09-03 00:00:00-03:00,22.739999771118164,22.739999771118164,22.25,22.329999923706055,406400,0.0,0.0,ABCB4.SA
420,2025-09-04 00:00:00-03:00,22.360000610351562,22.479999542236328,22.079999923706055,22.43000030517578,381800,0.0,0.0,ABCB4.SA
421,2025-09-05 00:00:00-03:00,22.649999618530273,22.729999542236328,22.3700008392334,22.59000015258789,261000,0.0,0.0,ABCB4.SA
422,2025-09-08 00:00:00-03:00,22.610000610351562,22.709999084472656,22.219999313354492,22.540000915527344,307500,0.0,0.0,ABCB4.SA
423,2025-09-09 00:00:00-03:00,22.700000762939453,22.799999237060547,22.399999618530273,22.799999237060547,283200,0.0,0.0,ABCB4.SA
424,2025-09-10 00:00:00-03:00,22.799999237060547,22.989999771118164,22.450000762939453,22.450000762939453,357900,0.0,0.0,ABCB4.SA
425,2025-09-11 00:00:00-03:00,22.479999542236328,22.75,22.260000228881836,22.5,284100,0.0,0.0,ABCB4.SA
426,2025-09-12 00:00:00-03:00,22.5,22.940000534057617,22.43000030517578,22.739999771118164,234100,0.0,0.0,ABCB4.SA
427,2025-09-15 00:00:00-03:00,22.700000762939453,23.0,22.700000762939453,23.0,512700,0.0,0.0,ABCB4.SA
428,2025-09-16 00:00:00-03:00,23.020000457763672,23.020000457763672,22.6299991607666,22.75,259500,0.0,0.0,ABCB4.SA
429,2025-09-17 00:00:00-03:00,22.75,23.229999542236328,22.729999542236328,23.229999542236328,499300,0.0,0.0,ABCB4.SA
430,2025-09-18 00:00:00-03:00,23.229999542236328,23.260000228881836,22.920000076293945,23.15999984741211,298700,0.0,0.0,ABCB4.SA
431,2025-09-19 00:00:00-03:00,23.110000610351562,23.309999465942383,22.969999313354492,23.309999465942383,332800,0.0,0.0,ABCB4.SA
432,2025-09-22 00:00:00-03:00,23.270000457763672,23.270000457763672,22.81999969482422,22.959999084472656,329800,0.0,0.0,ABCB4.SA
433,2025-09-23 00:00:00-03:00,22.950000762939453,23.34000015258789,22.920000076293945,23.1200008392334,316100,0.0,0.0,ABCB4.SA
434,2025-09-24 00:00:00-03:00,23.149999618530273,23.229999542236328,22.989999771118164,23.139999389648438,205600,0.0,0.0,ABCB4.SA
435,2025-09-25 00:00:00-03:00,23.139999389648438,23.15999984741211,22.950000762939453,22.979999542236328,280400,0.0,0.0,ABCB4.SA
436,2025-09-26 00:00:00-03:00,22.979999542236328,23.3799991607666,22.940000534057617,23.290000915527344,313300,0.0,0.0,ABCB4.SA
437,2025-09-29 00:00:00-03:00,23.40999984741211,23.56999969482422,23.239999771118164,23.479999542236328,497200,0.0,0.0,ABCB4.SA
438,2025-09-30 00:00:00-03:00,23.479999542236328,23.600000381469727,23.219999313354492,23.25,448200,0.0,0.0,ABCB4.SA
439,2025-10-01 00:00:00-03:00,23.25,23.3799991607666,22.979999542236328,23.229999542236328,525000,0.0,0.0,ABCB4.SA
440,2025-10-02 00:00:00-03:00,23.25,23.25,22.799999237060547,22.799999237060547,319300,0.0,0.0,ABCB4.SA
441,2025-10-03 00:00:00-03:00,22.799999237060547,23.110000610351562,22.75,23.010000228881836,235800,0.0,0.0,ABCB4.SA
442,2025-10-06 00:00:00-03:00,23.010000228881836,23.079999923706055,22.3700008392334,22.3700008392334,304200,0.0,0.0,ABCB4.SA
443,2025-10-07 00:00:00-03:00,22.43000030517578,22.530000686645508,21.959999084472656,22.1299991607666,365500,0.0,0.0,ABCB4.SA
444,2025-10-08 00:00:00-03:00,22.059999465942383,22.329999923706055,21.799999237060547,21.799999237060547,345300,0.0,0.0,ABCB4.SA
445,2025-10-09 00:00:00-03:00,21.969999313354492,21.969999313354492,21.670000076293945,21.770000457763672,232000,0.0,0.0,ABCB4.SA
446,2025-10-10 00:00:00-03:00,21.719999313354492,21.90999984741211,21.5,21.600000381469727,377500,0.0,0.0,ABCB4.SA
447,2025-10-13 00:00:00-03:00,21.6299991607666,21.81999969482422,21.600000381469727,21.6200008392334,283800,0.0,0.0,ABCB4.SA
448,2025-10-14 00:00:00-03:00,21.690000534057617,21.809999465942383,21.510000228881836,21.579999923706055,257600,0.0,0.0,ABCB4.SA
449,2025-10-15 00:00:00-03:00,21.670000076293945,21.979999542236328,21.530000686645508,21.8700008392334,236000,0.0,0.0,ABCB4.SA
450,2025-10-16 00:00:00-03:00,21.940000534057617,22.0,21.690000534057617,21.690000534057617,328700,0.0,0.0,ABCB4.SA
451,2025-10-17 00:00:00-03:00,21.829999923706055,21.8700008392334,21.309999465942383,21.3799991607666,660000,0.0,0.0,ABCB4.SA
452,2025-10-20 00:00:00-03:00,21.440000534057617,21.90999984741211,21.3799991607666,21.860000610351562,282500,0.0,0.0,ABCB4.SA
453,2025-10-21 00:00:00-03:00,21.770000457763672,22.190000534057617,21.700000762939453,21.799999237060547,296400,0.0,0.0,ABCB4.SA
454,2025-10-22 00:00:00-03:00,21.860000610351562,21.979999542236328,21.81999969482422,21.969999313354492,185100,0.0,0.0,ABCB4.SA
455,2025-10-23 00:00:00-03:00,21.969999313354492,22.079999923706055,21.889999389648438,21.899999618530273,169400,0.0,0.0,ABCB4.SA
456,2025-10-24 00:00:00-03:00,22.0,22.190000534057617,21.979999542236328,22.110000610351562,358500,0.0,0.0,ABCB4.SA
457,2025-10-27 00:00:00-03:00,22.1200008392334,22.469999313354492,22.1200008392334,22.350000381469727,226900,0.0,0.0,ABCB4.SA
458,2025-10-28 00:00:00-03:00,22.350000381469727,22.450000762939453,22.1299991607666,22.1299991607666,411900,0.0,0.0,ABCB4.SA
459,2025-10-29 00:00:00-03:00,22.219999313354492,22.780000686645508,22.209999084472656,22.540000915527344,338700,0.0,0.0,ABCB4.SA
460,2025-10-30 00:00:00-03:00,22.540000915527344,22.989999771118164,22.5,22.989999771118164,275200,0.0,0.0,ABCB4.SA
461,2025-10-31 00:00:00-03:00,22.989999771118164,23.1299991607666,22.90999984741211,23.010000228881836,486000,0.0,0.0,ABCB4.SA
462,2025-11-03 00:00:00-03:00,23.020000457763672,23.100000381469727,22.809999465942383,23.06999969482422,641200,0.0,0.0,ABCB4.SA
463,2025-11-04 00:00:00-03:00,22.81999969482422,23.350000381469727,22.81999969482422,23.350000381469727,370800,0.0,0.0,ABCB4.SA
